Patient ID,Disease,240,244,460,998,1303,2758,2879,3102,4133,7147,7222,7410,7500,7602,7720,7874,8133,8194,8343,8814,9231,9268,10914,11006,11169,11170,11172,11230,12053,12160,12388,14257,15600,16663,16821,17100,17835,19602,21205,21630,22568,23229,23284,29996,31236,31355,41209,73219,75084,85781,90232,103653,136569,137353,141033,146102,160669,520958,537332,551986,557859,558880,567717,574439,575987,622436,637516,5370158,5370325,6041429,6429350,9602988,13544681,13596727,91713521,91726212,91731726,91742720
1,asthma,203402.0,94873.0,156493.0,8505.0,510230.0,43960.71,293093.0,25543.0,12436.0,87788.13,30504.0,270493.1,52271.0,22357.0,623054.0,12669.05,86872.07,29404.0,33241.0,19271.0,32939.0,860632.0,292225.8,30032.0,3416.014,51096.98,18819.0,37270.8,3084820.0,18000.0,21707.0,281444.0,30341.0,18432.0,14733.0,25171.0,42502.0,1705915.0,8513.0,2232.034,16519.0,5888.413,111573.0,148237.0,207937.0,72875.0,6065.651,33519.0,21204.0,24816.91,492180.0,14774.0,19142.0,11811.0,26240.99,8074.558,554.3914,9590.0,2694.246,6892.533,2678.293,12919.82,17570.0,5198580.0,76688.0,63154.0,7710.176,9651.0,6839.0,49178.0,7408.786,1070607.0,97420.0,8061.0,7372.978,9492.295,114490.9,41587.0
2,asthma,431636.0,230146.0,263710.0,19096.0,742059.0,66959.0,9654.62,41491.0,13283.0,162142.0,35181.0,457904.0,114571.0,16139.0,1049345.0,11765.74,200303.0,28550.0,23338.35,10098.0,36460.0,1133157.0,1113944.0,38287.0,4805.294,148555.0,38272.26,71895.0,5764204.0,29551.0,24692.0,432542.1,46596.0,24602.0,13814.0,35426.0,71883.0,1935782.0,8342.0,2888.637,17528.0,28092.0,260944.0,151944.0,131457.0,109772.0,10116.0,47186.0,28072.0,23680.0,700518.0,13107.0,19610.0,3269.023,32775.0,9534.439,104543.0,13902.0,5271.946,15218.0,2951.0,4400.186,67718.0,7674692.0,113125.0,163957.0,18287.14,14109.0,7771.0,32800.0,10494.0,1243353.0,159891.0,12293.0,6037.228,30837.0,106667.0,39050.0
3,asthma,228035.0,274172.0,150737.0,6082.0,1447991.0,79276.0,45720.0,63219.0,15858.0,141013.0,48312.0,469350.0,94620.0,16877.16,881756.0,23323.5,148753.0,21702.75,25916.01,14218.0,37787.0,789319.0,406446.0,33884.0,6819.664,65098.44,19668.0,39959.0,5694774.0,21170.0,13369.0,378186.0,40766.0,22922.0,16758.0,34209.0,62133.0,1796996.0,9156.0,3361.0,30816.0,44982.82,258261.0,244725.0,326175.0,113515.0,9636.729,28128.0,13693.0,27711.0,681167.0,11935.0,29740.0,4312.0,50640.21,10044.05,79652.0,11192.0,4351.0,10824.05,7541.0,9799.0,58321.0,6061089.0,165791.0,81069.0,16142.0,20204.0,13520.0,84792.0,12477.32,1259338.0,110765.0,16244.1,7282.927,28959.0,87147.62,59843.88
4,asthma,257445.7,142833.0,105124.0,9815.0,825122.0,27984.44,20177.0,50510.0,7423.0,84522.0,37634.0,477633.0,105344.0,20513.0,895901.0,2562.0,481274.0,13966.0,8100.0,6313.0,34470.0,541806.0,368076.0,25083.0,3433.0,51782.0,18679.0,40154.0,6763523.0,14134.0,15689.0,294211.0,24664.0,14452.0,6268.0,21397.0,46258.0,2033090.0,7260.0,799.8196,30844.0,56515.0,249730.0,144601.0,204560.0,66902.0,7363.0,77844.0,9666.0,17872.0,689525.0,11878.0,23105.0,4332.0,25882.0,8678.45,73158.0,5678.0,3073.0,9415.0,41815.0,16626.0,11378.0,5840030.0,270198.0,54720.0,14260.0,8947.0,11528.0,10447.0,15453.0,1058525.0,165803.0,8661.515,5041.0,9275.08,105337.5,22535.0
5,asthma,81001.0,101951.0,57367.0,2621.0,227185.8,10048.0,7243.0,24284.0,8770.0,38297.0,17444.0,371541.0,324815.0,12376.0,638956.0,6374.0,91573.0,9540.0,14339.0,7415.0,65701.0,190582.0,659296.0,23847.0,6017.0,58110.0,18089.0,32188.99,2360428.0,18789.0,17069.0,266129.0,28559.0,13851.0,7703.0,214153.0,43475.0,1796892.0,5046.0,1172.607,2407.843,15839.0,181964.0,110868.0,9795.0,62604.0,6305.0,16308.0,13433.86,27021.0,440372.0,13122.0,44749.0,9049.0,15814.0,17280.0,84972.0,8574.0,3366.0,5740.0,4323.0,6507.0,2337.679,6259983.0,37209.0,95460.0,6422.0,7671.0,5423.0,185993.0,9553.717,1199985.0,19903.0,8965.0,10133.0,1541.204,201136.0,12794.0
6,asthma,266680.9,106632.0,117891.0,3786.0,474362.0,18471.0,8716.0,38965.0,9886.118,77674.0,30550.0,416492.0,180533.0,15491.0,911734.0,2649.0,60535.0,13880.15,12611.0,11552.0,41378.0,415001.0,396334.0,38265.83,5703.0,153443.0,42144.0,23399.0,4168952.0,27353.0,30811.0,375108.0,42236.0,20522.0,11520.0,26195.0,68280.0,4185722.0,9503.0,1104.57,13955.0,9741.0,193911.0,118199.0,34387.0,70841.0,15907.0,15127.0,8733.0,47809.0,733704.0,21696.0,26945.0,6023.0,24067.0,8977.0,81927.0,10886.0,4969.507,10520.0,6677.0,18523.0,9372.0,6282203.0,1140179.0,92310.0,7215.322,8486.0,14472.0,13801.0,8565.384,1410591.0,115937.0,12722.0,149599.0,5218.0,143917.0,20304.0
7,asthma,285571.0,100782.0,142677.0,5035.0,214170.8,8161.0,19713.0,21631.0,6846.0,28522.0,23398.0,394663.0,45443.4,10202.0,489266.0,4851.0,75639.74,11755.0,7830.0,5268.0,38083.0,729954.0,5224.0,20955.0,4712.0,35706.0,14471.0,13886.14,1855372.0,11269.0,13473.0,257148.0,27594.0,12486.0,5838.0,35519.0,41554.0,764876.0,3560.0,39699.0,9411.0,4849.0,139529.0,111010.0,7415.0,68927.0,5628.0,8983.0,3748.0,10364.0,587448.0,5950.702,23875.0,1951.709,20777.0,7383.869,1411.246,6843.0,3367.665,9773.209,14615.0,8777.0,5730.0,3207118.0,382841.0,66030.0,6074.0,9158.0,6320.0,77433.0,9487.618,7156.241,114208.0,6899.33,7255.0,9681.0,105629.0,15580.17
8,asthma,237405.0,846639.0,83478.0,6336.0,1565351.0,53170.0,10948.09,59740.0,19717.0,88114.0,58372.0,287576.0,90913.0,15838.95,548009.0,21769.97,63585.0,15551.0,14548.0,30956.0,54658.0,1142505.0,338628.0,46248.0,5886.0,85803.37,21559.02,26074.46,3834201.0,12229.0,53757.0,457196.0,38601.0,34189.98,11079.0,33562.0,84788.0,2402561.0,8685.0,68715.0,23994.0,10395.0,290363.0,189230.0,177229.0,120840.0,16442.42,29955.0,58412.54,37397.0,1186277.0,25429.0,43728.0,4465.275,64656.12,9307.986,85130.0,10198.0,4286.0,12605.0,8350.0,13918.68,14981.0,6458989.0,100952.0,96139.0,17638.0,109183.0,12674.0,113273.0,13444.0,1053665.0,69131.0,11760.0,32495.92,25114.0,90116.0,77180.0
9,asthma,519234.0,170301.0,95565.0,9877.0,579830.0,18485.23,6817.137,40865.0,9309.0,112670.0,48546.0,781447.0,80001.0,22539.0,1312278.0,6611.0,81589.0,19333.33,19485.0,11215.0,40318.0,586267.0,503476.0,43356.0,8007.0,83238.22,32165.0,44794.0,6225743.0,8818.0,39422.0,455409.0,38348.0,21822.1,12114.0,30236.0,71517.0,2427561.0,8987.0,5448.0,26029.0,4730.0,208200.0,185884.5,53919.0,78643.0,11850.0,11495.0,8026.467,35280.0,850577.0,20828.0,40643.0,13774.0,32850.0,19480.0,78110.0,12076.0,4519.0,15045.0,13381.0,12766.0,3761.0,6102384.0,1315293.0,96901.0,11557.0,5614.0,10773.0,112678.2,13670.0,1427406.0,275158.0,11863.0,10277.0,1659.678,197533.0,22538.0
10,asthma,81044.0,86997.0,38097.0,3491.0,37277.0,37602.0,557535.0,28744.0,59823.78,22841.0,29724.0,219370.0,51234.0,11499.0,416394.0,12659.0,270483.0,13634.0,10727.0,11433.0,38578.0,363333.0,285740.0,41115.0,5280.0,74003.0,25181.4,18557.0,746631.0,9775.0,37297.0,309496.0,32386.0,15639.0,10435.0,202042.0,52894.0,2887269.0,9548.0,3695.0,615.9293,1112.745,140310.0,189689.7,5753.0,99057.0,13963.0,5907.0,10266.0,44197.0,977010.0,44973.0,42665.0,2049.438,14475.0,9839.0,77462.0,31896.0,3378.0,11739.0,8748.0,26098.0,16858.0,6092446.0,1407083.0,89945.0,3506.0,6296.241,10035.0,97774.78,13849.0,529986.0,10994.27,10990.0,14485.0,15301.64,74245.81,15174.0
11,asthma,146169.0,128164.0,168134.9,8838.0,164834.0,11951.51,8675.06,13554.0,5849846.0,49127.0,29359.0,691871.0,286724.0,45214.0,1031269.0,12489.0,156727.0,12169.0,13013.0,8979.0,54059.0,65787.54,423491.0,73999.0,5486.0,44067.0,16159.0,31620.0,3375532.0,17795.0,155833.0,593029.0,43874.0,98871.0,15523.0,431180.0,133045.0,523325.0,17654.0,4262.0,4818.0,31654.0,164319.0,204868.0,13187.0,85591.0,5864.0,3041.171,3683.818,19426.0,723816.0,4314.159,65354.0,6626.0,16574.0,13753.0,97763.0,4301.0,8287.0,10742.67,14004.0,37069.0,12194.0,7406651.0,258642.0,587756.0,8723.785,97155.0,1046.057,316114.0,17507.82,1498736.0,76042.0,56760.0,29324.0,6358.892,147663.9,30528.0
12,asthma,656010.0,196633.0,224613.0,8984.0,556722.0,49654.77,290518.0,30570.0,15367.0,175891.0,57031.0,864819.0,95155.0,8383.557,1694665.0,3583.0,237592.0,10921.0,19559.0,8261.0,46032.0,385756.0,451891.0,35436.0,6575.0,53650.0,18587.09,41781.0,8624332.0,421613.8,26254.0,430162.0,33838.0,22312.0,11795.0,29238.09,67837.0,2319862.0,8469.0,6049.0,24645.0,1341.325,144522.0,170920.0,120898.0,98662.0,9964.0,7379.0,9339.0,23305.0,664718.0,12592.0,27494.0,6147.0,28082.0,11385.33,76938.0,17388.0,5153.0,14935.65,1920.439,9933.842,40293.0,6183698.0,375165.0,86224.0,18035.0,8659.0,9977.0,106816.0,10346.0,987137.0,302046.0,11579.0,5118.093,23938.0,107057.9,18903.0
13,asthma,616304.0,147223.0,84130.6,8303.0,607858.0,19942.0,3198.229,31111.0,5072.0,70156.41,27591.0,788955.0,172231.0,21453.0,1262815.0,21453.75,150029.0,19338.27,40837.0,7633.0,46155.0,1055024.0,595346.0,34571.0,5679.0,85272.0,28148.0,54095.0,4049640.0,447536.1,32399.0,445387.0,41656.0,23807.0,9334.0,106970.0,74692.0,1767355.0,8499.0,3457.0,7861.0,26161.0,272429.0,204041.0,26295.0,83233.0,17180.0,15368.0,4817.01,28455.0,829256.0,14506.93,24140.0,5184.0,36055.0,15865.0,98080.0,10584.0,5212.0,9678.0,4084.0,9685.0,6016.0,7395881.0,2238.305,118916.0,12447.0,7096.5,11958.0,112192.0,16189.0,1150799.0,199093.0,12283.0,5297.0,4859.0,173351.0,19463.0
14,asthma,62963.0,17034.0,54223.23,5073.0,86295.0,8176.0,3047.748,21218.0,2627966.0,21046.66,21072.0,452944.0,39806.0,25592.41,691424.0,12730.02,267998.7,9125.0,14432.0,9037.0,28395.0,76200.45,541113.0,29257.0,9460.0,66514.37,20142.0,34285.75,1703678.0,4408.0,31547.86,177761.0,12123.0,7635.0,18101.0,305375.0,28143.0,2394305.0,25635.0,2824.0,1119.334,15323.0,161052.0,124020.0,10887.34,93455.0,13289.0,4813.281,3851.437,28659.0,802057.0,19605.0,76560.0,5142.773,13392.0,48497.0,19870.0,10319.0,1381.822,13704.23,6306.0,9855.0,18741.0,1695600.0,14561.0,84908.0,2609.305,4024.0,14662.0,71074.0,8438.0,2066419.0,25429.54,13736.3,13676.0,4903.651,487811.0,16955.43
15,asthma,139289.0,109324.0,24802.34,6856.0,119365.0,43898.0,16358.0,62609.0,75838.4,38554.0,26383.0,391287.0,103207.0,18788.0,642068.0,10029.0,89004.0,20769.0,11776.0,15988.0,50329.0,1121467.0,408466.0,40057.0,5178.0,59883.0,24637.0,20354.0,1344945.0,12558.0,48473.0,417567.0,39363.0,19761.0,7608.0,237614.0,73165.0,6454553.0,10703.0,6361.0,701.3539,46646.0,461411.5,212308.0,6688.66,95215.0,13974.0,45845.0,11463.13,84863.0,1019130.0,47199.0,46505.0,7648.0,34689.0,14553.0,95131.0,15687.0,4472.0,8280.661,58487.0,6890.742,17917.0,7042804.0,186416.0,81119.0,4015.831,8827.0,9796.0,13094.0,22258.79,903695.0,14327.31,15147.0,8842.735,17244.0,131226.0,30895.0
16,asthma,183634.0,108379.0,57144.45,4266.0,479055.8,9300.58,4026.162,35503.0,10512.0,59699.0,29376.0,386539.0,130346.0,23215.0,721124.0,3058.246,47802.0,15551.0,21599.0,17311.0,38814.0,720677.0,556764.0,27857.0,5566.0,73066.0,21822.0,48453.25,3578083.0,11896.0,19083.0,407717.0,35503.0,19166.0,12010.0,12626.54,64163.0,4434374.0,12257.0,10226.0,21922.0,1488.8,201342.0,166386.0,58440.0,96265.0,14580.0,9132.466,12122.73,76826.0,708582.0,40177.0,506098.0,19288.0,15085.0,15532.68,95783.0,11243.0,4553.0,7289.627,12774.0,22314.0,11738.0,7504285.0,53186.0,63365.0,7481.0,6191.0,7547.0,85380.0,13419.0,1146379.0,78400.0,10731.0,9398.0,12382.0,148454.7,16536.0
17,asthma,267248.0,83877.0,47174.0,2205.973,439923.0,13237.0,6546.232,35262.0,9874.0,40993.0,28113.0,393644.0,5116.123,22438.0,712443.0,17656.24,49982.26,26300.0,13398.0,10270.0,42084.0,1223544.0,9184.0,40393.0,5842.0,66302.0,23857.0,23208.0,1960034.0,209856.9,34939.0,466214.0,39942.0,21753.0,9380.0,42061.0,76002.0,3415302.0,8863.0,100058.0,13546.0,8152.0,233660.0,225522.0,21839.0,104871.0,18557.0,12801.0,8123.0,65020.0,850336.0,35628.0,147204.0,8566.0,26462.0,15950.0,624.0789,16734.0,5211.0,7460.0,12031.0,56934.0,5695.533,4428128.0,2893.707,108718.0,7125.542,6974.263,9862.0,117815.0,14966.0,1413527.0,101183.0,13258.0,19350.0,7895.407,192764.0,24966.59
18,asthma,209721.0,432046.0,62488.0,17855.0,1279317.0,43696.92,4804.011,51538.0,8078.0,51194.0,33809.0,244493.0,201078.2,14514.0,498110.0,3577.0,116826.0,27307.0,8688.0,7587.0,42337.0,1233158.0,279711.3,39838.0,4732.0,49265.4,18427.0,20896.38,2985785.0,15029.0,48598.0,455320.0,39506.0,26298.98,9224.0,27835.0,77207.0,628519.0,17397.0,2883.0,12820.0,9851.0,306294.0,179261.0,60916.0,73798.0,10208.0,37574.0,258130.0,23618.0,578815.0,10288.0,42305.0,4549.0,51472.0,9953.0,99999.0,4864.0,4585.0,11975.0,9491.0,15107.0,11023.0,7720883.0,4235.672,73549.0,13085.0,107888.0,2406.342,78685.0,19252.0,891825.0,63452.0,58388.0,18512.0,12829.0,118855.0,28764.3
19,asthma,634725.0,89190.0,105055.0,4784.0,535358.0,15265.56,169714.0,34201.0,6656.0,99676.0,34749.0,744747.0,156455.5,20332.0,1321583.0,3354.116,74031.0,12546.6,14968.0,5256.0,36667.0,592716.0,187632.2,28608.0,6572.0,140469.0,38869.0,27331.0,6372414.0,43784.71,25096.0,460567.0,38356.0,22530.0,8087.0,19608.99,70423.0,2890366.0,9224.0,6389.0,23062.0,2030.0,157402.0,104342.3,41633.0,96430.0,8828.0,7602.0,10729.0,28521.0,720821.0,12875.0,22833.0,14450.0,18749.0,15981.0,99370.94,7010.59,5665.0,20164.0,3630.0,40122.0,11840.0,7589670.0,385247.0,94800.0,8208.612,4404.0,8531.0,18723.0,8804.0,1225449.0,243436.4,10686.0,4668.696,15782.0,159947.0,18600.0
20,asthma,154013.0,627548.0,39574.0,4411.0,1072753.0,82378.79,9043.0,23416.25,5542.0,60433.0,34526.0,195698.0,23160.85,20855.0,435619.0,12239.47,46825.0,6154.0,3294.0,10053.0,30278.0,524120.0,3328.675,30950.0,3855.0,40891.0,15870.0,25399.22,3168793.0,5944.0,60383.0,298450.0,21519.0,25729.0,1853.588,19490.28,46781.0,2031271.0,3718.889,1307.682,13931.0,6072.0,113502.0,88774.0,122048.0,65441.0,8816.0,14387.0,6009.0,28456.0,869466.0,22995.0,21287.0,1375.62,27580.09,7390.379,19040.75,7456.0,2381.611,4771.76,4704.0,2719.356,1774.633,3521039.0,152201.0,341986.0,11723.0,13041.0,6621.0,264348.0,11281.0,605889.0,73308.0,6853.0,6355.0,5558.0,74293.0,22929.0
21,asthma,164343.0,348395.0,31928.0,6024.049,1397398.0,41731.2,4695.271,14542.0,5091.0,51388.0,25005.0,189480.0,98697.0,30437.0,409548.0,1923.897,29674.32,8579.0,4347.0,4266.0,30599.0,382530.0,288030.0,39587.0,3091.0,21367.0,8435.0,19883.22,2047046.0,7008.0,97567.0,375294.0,23588.0,57235.89,2288.061,14597.87,74739.0,277782.0,6793.0,2229.469,8937.0,1330.123,107130.0,104727.0,78570.0,43978.0,3868.0,8178.0,5975.0,8664.0,478354.0,1718.309,18627.0,3208.0,24043.0,7491.0,56607.0,1417.144,5274.134,5766.0,3442.0,2452.062,5576.0,4597252.0,274863.0,388381.0,8847.0,32199.0,1022.801,209476.0,11819.0,518252.0,71931.0,24544.0,12553.0,6708.0,62599.0,11470.0
22,asthma,188935.0,67379.0,66906.79,6928.0,164602.6,5725.0,33328.0,21579.0,4562.0,32163.0,17753.0,158580.6,12501.95,11211.31,302004.0,2856.0,46963.0,7924.233,5267.652,5260.0,25038.0,313988.0,303424.6486,17338.0,3946.0,29843.0,11395.0,9247.0,1396348.0,8049.0,13376.0,238937.0,21917.0,11129.0,2919.0,10803.11,38024.0,317710.0,10889.0,3974.0,10257.0,1971.137,123314.0,99910.0,11216.0,47921.0,4546.0,8081.0,7732.484,12549.91,230407.0,3803.0,21298.0,4594.0,15038.0,8982.0,12006.05,3489.0,2561.554,7559.479,6339.0,4225.0,2153.586,3094174.0,739616.0,46432.0,3641.525,55564.0,1089.605,58646.33,9555.0,592310.0,68490.85,26291.0,7401.0,5952.0,90157.0,14368.0
23,asthma,228795.0,103975.0,160332.0,4944.0,528345.0,44036.48,7642.0,24343.0,11980.0,79966.0,24955.0,287065.0,68125.0,23479.0,689718.0,3741.0,81020.0,8038.0,10151.0,13314.0,27440.0,861263.0,339648.4,34384.0,3904.192,52698.91,15258.0,34953.0,2987779.0,8429.0,89643.0,414757.0,27822.0,62423.71,2289.786,30437.34,82050.0,305060.0,7262.0,2352.618,9910.0,5743.871,167620.0,107256.0,63418.39,58369.0,3832.734,19930.0,20500.17,9958.0,471473.0,3393.834,28696.0,2775.854,23520.0,6813.0,74817.0,2755.853,4762.0,11842.29,9338.0,5532.0,7127.0,5797646.0,58696.0,404962.0,5921.0,57288.0,1296.105,247826.0,12563.5,277716.3,107967.0,26790.0,14164.0,10924.04,56021.16,39468.0
24,asthma,4683.354,641.906,71562.0,458.4592,215114.0,12985.49,4839.745,23841.0,6368.0,62632.0,22381.0,236382.8,106498.4878,5071.0,9932.873,3666.086,2832.287,5336.0,4121.114,5070.0,23733.0,328539.0,649.8689,17670.0,3830.254,26831.0,10252.0,32860.0,3328009.0,4997.264,13306.0,252923.0,775.7346,5716.063,2290.279,20547.8,42625.0,287405.0,6910.0,1739.882,22128.0,2034.4,120170.0,116257.0,21606.0,53932.0,3719.0,5803.0,7672.0,9455.0,284829.0,3473.876,44998.0,1322.63,22603.0,7807.542,175.9564,3032.397,13567.0,8381.0,26597.0,5601.0,2744.0,7743.0,101079.0,55735.0,3338.094,58907.0,1272.925,64205.0,11894.0,1885.714,194928.0,22130.0,7807.198,6616.822,2332.501,20075.99
25,asthma,40002.0,32218.0,9025.782,1337.342,54051.0,12863.85,638365.0,14523.0,4625.0,19616.0,10568.0,102061.8,55719.0,50039.0,277201.0,4253.0,84839.0,8680.0,4645.0,4697.0,22817.0,327774.0,402524.0,59779.0,4814.0,50463.44,15226.0,9591.897,296117.0,7349.0,187638.0,377870.0,26276.0,60261.77,3031.0,86373.0,82210.0,275092.0,8570.0,1688.816,299.2566,3691.0,112823.0,118276.0,2124.815,45357.0,6521.0,9308.0,5576.0,8379.0,693017.0,2231.326,17984.0,5589.0,9553.0,13107.0,60700.0,5552.603,5249.0,9463.0,38359.0,5111.0,830.668,4947580.0,75751.0,495766.0,1273.152,20955.0,1226.14,328447.0,13206.0,698114.0,6414.426,23203.0,11415.77,1211.0,108391.8,8675.0
26,asthma,180970.0,174377.0,188373.7,14002.0,173045.0,26524.0,184955.0,9874.0,60731.18,48844.0,16567.0,700029.0,60314.41,34470.0,1155610.0,9320.0,86852.0,7314.0,10566.99,4045.0,52750.0,245439.0,37378.71,56084.0,3180.0,65359.0,18031.0,15240.0,4102205.0,12152.0,229784.0,373960.0,23864.0,50474.0,2127.728,154821.0,67144.0,304330.0,7284.0,2428.814,2508.0,2641.896,207108.0,101650.0,9429.063,41266.0,6137.0,3029.0,5498.0,9954.453,600865.0,2158.694,45602.0,2328.306,8177.0,8859.0,37433.89,1840.878,4845.239,11070.21,4044.0,3742.0,35217.0,4197729.0,233226.0,1020251.0,9395.0,44548.0,1683.738,444097.0,17511.9,410883.0,125690.0,24912.55,10169.0,15628.0,53541.0,9496.0
27,asthma,309021.0,94355.0,69169.24,5255.0,351841.0,7950.2,26445.66,25532.0,6492.0,76684.39,30186.0,473050.0,53263.6,17743.0,826439.0,10835.08,61371.0,8945.0,6951.866,7593.0,27056.0,368243.0,32072.7,23341.0,8083.0,44853.0,17965.0,20822.0,3554729.0,11999.0,18965.0,291699.0,24905.0,13632.0,2487.0,19014.65,46246.0,1549581.0,4704.0,10463.0,13557.0,3244.0,145008.0,95858.0,43901.0,50223.0,7904.0,1006.563,4509.0,21029.0,509030.0,9853.0,28326.0,4572.0,26361.65,11137.0,44049.95,6203.0,2561.2,7152.0,6670.0,10363.0,1934.022,4520530.0,1657.269,74475.0,6273.0,4388.0,4662.0,9880.0,8106.0,710210.0,131321.0,6851.0,6950.0,6157.0,107475.7,17530.0
28,asthma,465496.0,55973.0,82542.68,3744.655,217189.0,7637.0,18093.0,13223.0,9203.0,75485.0,24363.0,422194.0,63688.0,16506.0,776611.0,2626.889,45368.0,9476.0,19159.0,7496.0,25780.0,518411.0,237303.0,28293.0,3536.0,31323.78,11393.92,19210.0,2822158.0,10290.0,41321.0,268926.0,22615.0,19366.37,3351.607,13882.79,43110.0,1819303.0,7892.0,11975.0,12473.0,494.7063,107786.0,86455.0,13069.0,39353.0,6179.0,5030.0,8443.008,27433.0,656971.0,12495.0,38112.0,5900.0,10880.0,8844.0,57815.0,6149.0,2252.116,4161.0,2946.765,13145.0,6932.0,4621744.0,81398.0,232229.0,5701.0,2885.0,4603.0,159038.0,8462.0,566174.0,183020.0,5386.0,6814.0,11604.0,74561.0,12306.27
29,asthma,244666.0,158932.0,105725.0,6417.0,518607.0,12113.53,26008.8,15480.0,4559.0,102547.0,22064.0,407471.0,50128.95,46182.0,894328.0,11852.06,66463.0,7775.915,5746.0,4527.0,37687.0,424750.0,36850.63,49337.0,4187.0,28744.09,11469.0,13614.0,5093464.0,14115.2,190864.0,356419.0,23645.0,47917.37,2487.517,18461.01,64908.0,481209.0,3952.0,6228.0,8329.0,26999.0,139495.0,115779.0,83390.0,58986.0,7719.0,14713.0,5134.768,6787.0,877556.0,3406.12,14288.0,3145.0,17670.0,11489.0,30076.51,4414.0,4178.0,5779.0,2490.093,1454.477,765.4455,3960073.0,66274.0,1321221.0,8271.0,8384.0,5307.0,404149.0,9834.596,801540.1,57607.0,5052.0,2000.988,2750.799,156027.7,11189.0
30,asthma,151173.0,271758.0,211116.3,22248.0,439861.0,25039.57,71778.0,20235.0,133329.6,46875.0,15846.0,563743.0,64809.55,24781.0,1098997.0,15279.0,199262.0,11214.4,4342.0,4696.0,50075.0,698429.0,51119.65,38483.0,3389.0,26196.25,9828.0,24996.0,5264557.0,11522.0,117438.0,300491.0,21216.0,36947.65,2642.03,403456.0,51232.0,313513.0,6751.0,14138.0,1196.318,5307.0,62491.0,160884.0,55710.0,57006.0,4822.0,57056.0,5358.0,10552.0,635280.0,2602.16,64042.0,1467.952,5009.0,7819.0,25098.73,2481.954,2747.727,8195.0,3252.0,273.3806,13843.0,3391541.0,238565.0,677174.0,10102.0,65494.1,2342.361,307746.0,17372.0,574102.0,90350.0,28637.0,7133.0,14185.0,84399.0,17000.0
31,asthma,57104.21,45592.0,37170.43,1343.84,231788.0,2264.218,186855.0,18100.0,3043.951,19791.0,10929.0,103322.0,4434.647,6885.01,185943.0,892.8911,6279.93,6219.907,4181.0,4398.0,16094.0,286157.0,1263.736,13347.0,4198.0,30313.07,12758.0,7548.0,1360741.0,3159.0,7110.0,108924.0,7032.0,4525.0,3125.0,8121.712,16069.0,329399.0,6423.0,11457.0,9895.0,892.2012,102587.0,122868.0,15125.0,43111.0,4295.0,6842.0,4819.0,12941.44,232741.0,4429.0,19069.0,1338.275,7800.0,8915.0,4639.959,2305.954,1068.089,10163.0,6298.0,7437.0,5534.0,1069519.0,49159.0,44689.0,2443.282,32868.0,1260.177,50158.0,8921.497,523347.5,34502.0,35508.0,8928.0,9718.0,61004.0,11465.0
32,asthma,105919.0,61451.0,180172.2,4770.0,107505.0,9845.0,8279.0,8240.0,4299094.0,39519.0,26134.0,314275.0,143817.4,11723.94,667630.0,9404.0,121272.0,2335.653,3360.0,6186.0,22054.0,50576.26,221013.8,34163.0,3601.0,30562.0,13010.0,15087.0,1474826.0,9834.0,62550.0,317510.0,25129.0,27170.38,1658.98,325870.1,55965.0,1252466.0,4347.0,2419.843,2535.735,3221.0,82529.0,75419.0,3866.594,46340.0,5909.0,1824.088,1369.528,16583.56,578077.0,7612.0,47497.0,538.2292,12347.0,7542.0,59875.0,2524.585,2419.487,5572.0,5935.0,8189.0,3516.0,4446438.0,695811.0,312754.0,5865.872,2817.0,8061.0,224454.0,6147.39,320788.0,85484.0,7188.0,3264.0,6112.424,56606.0,13335.0
33,asthma,351477.0,762438.0,59309.0,12858.0,759021.0,66683.23,43948.0,11946.0,10285.0,72945.0,25747.0,290309.0,78238.86,18328.0,520883.0,8518.451,76715.0,7343.0,4205.0,4256.0,25643.0,290228.0,147846.3,33806.0,2703.0,19136.0,7640.0,18361.79,2784528.0,8486.0,66923.0,305663.0,24950.0,26765.0,2078.813,17653.68,54046.0,287490.0,7557.0,2318.492,13184.0,671.0995,85433.0,137113.0,82553.0,46280.0,3574.0,11354.64,6237.0,9679.0,402576.0,1867.805,17605.0,2059.88,26006.0,7889.0,58931.0,1129.832,2928.171,5003.585,2940.0,458.3836,4267.0,4495907.0,38093.0,318396.0,16845.0,48818.0,1311.695,160295.0,10409.84,647158.0,125177.0,24253.0,4483.0,6454.595,76648.0,12200.0
34,asthma,289498.0,169753.0,279758.0,11593.0,620557.0,22237.23,32596.0,9139.0,4270871.0,44740.52,18781.0,938074.0,218061.0,8776.0,2330514.0,26755.0,183973.0,4747.0,7243.0,8916.0,47420.18,84684.0,519469.0,22154.0,5206.0,37711.0,17574.0,42563.0,7055413.0,223929.8,12170.0,465203.0,40543.0,21383.35,2437.396,466459.0,70271.0,2384842.0,6403.0,2570.117,4613.0,3885.0,98680.0,100118.0,15211.58,53874.0,7753.0,2532.0,2287.186,31331.0,668675.0,14353.0,98568.0,3203.77,10450.0,13302.0,97887.0,3969.0,5497.0,5549.144,2317.7,2105.855,3827.0,7795316.0,612970.0,72822.0,18667.0,2306.62,7376.0,86931.0,6870.0,808180.0,222947.0,8233.0,3708.0,9427.0,144066.3,25285.07
35,asthma,183408.0,102909.0,244918.0,6405.0,535191.0,11105.0,43255.0,28640.0,29917.72,48907.0,19363.0,385571.0,64574.0,24633.0,813201.0,4714.681,53636.0,11380.0,10617.0,12456.0,39545.0,511246.0,372830.0,42130.0,7025.0,227446.0,77320.0,21001.0,2534713.0,12152.0,46311.0,412585.0,38894.23,25659.0,5148.0,76080.59,69314.0,2331307.0,8576.0,2626.0,5816.0,4649.0,161060.0,151595.0,16966.25,110596.0,17281.0,11287.0,5538.0,29088.0,894095.0,18635.0,20796.0,6734.0,13130.0,17714.0,69464.0,13363.0,3809.0,40590.0,8392.0,5205.896,1211.115,6002144.0,516965.0,296334.0,6790.0,7450.0,9942.0,707338.0,15771.63,979434.0,452847.0,10340.0,14807.44,2075.524,132708.5,25435.0
36,asthma,96785.0,64488.0,124659.7,8148.0,68202.0,27640.0,457191.0,16992.0,4509377.0,34638.0,33004.0,785287.0,249379.0,14542.0,1119604.0,17214.0,96431.0,6664.76,21118.73,4768.0,37783.0,163039.0,186326.0,30098.0,6019.0,172211.0,62345.0,63699.82,3657635.0,21773.0,27320.0,365133.0,28278.0,14448.0,5434.0,397372.0,58600.0,1657759.0,7340.0,4061.0,688.4479,9172.0,176570.0,137334.0,3118.069,71099.0,13934.0,2415.154,2736.0,32576.0,707818.0,14456.0,96623.0,9198.0,30818.0,15517.0,60597.0,10637.0,3360.0,20585.0,4101.0,11503.0,4778.0,4999225.0,1854095.0,176256.0,5885.173,4954.0,10375.0,433223.0,6102.0,679731.0,27904.0,13017.0,10479.0,12855.0,104620.0,23157.04
37,asthma,109389.0,49838.0,8898.012,2704.0,60618.0,38696.0,1190.31,42518.0,54664.16,28951.0,11099.0,223532.7,85310.0,22373.91,498611.0,6748.0,65010.0,33988.93,4780.0,9392.0,28482.0,1189518.0,654861.0,32492.0,7349.0,60635.85,16151.0,24313.26,542601.1,11351.0,28447.0,320355.0,28175.49,14028.0,5272.0,206126.0,52837.0,3896589.0,12702.0,3166.725,163.4478,8769.0,259086.0,139429.0,7212.351,55975.0,22762.0,6280.0,10881.0,76367.75,1234267.0,33982.0,36063.0,36202.0,19186.0,22100.0,74958.0,7605.986,3023.609,4292.45,8737.0,44950.0,4580.0,5590889.0,914.785,66359.0,1886.331,4060.0,5315.0,85606.0,10005.0,963039.0,8085.573,10133.0,7319.0,5650.0,308210.0,22258.0
38,asthma,165693.0,214088.0,178221.0,7443.0,439045.0,23158.25,28902.0,13880.0,149263.6,46312.46,26176.0,657840.0,121748.0,9758.0,1195430.0,12989.0,116533.0,6995.0,2970.0,5724.0,55982.0,326818.0,390956.0,30154.0,5342.0,55532.0,23484.0,30278.0,3158509.0,10655.0,44506.0,508141.0,33870.0,73876.0,2522.0,425199.0,108904.0,827917.0,4699.0,2623.0,2682.507,978.5074,423354.0,138168.0,18156.0,77635.0,6060.0,3858.0,6327.0,13250.0,743244.0,5766.0,75339.0,823.6602,13373.0,8698.047,67290.0,2913.601,5205.0,14132.0,5781.0,2790.0,5398.0,5427406.0,1849882.0,99430.0,9115.0,7854.0,9382.0,216977.0,6817.0,669714.0,67399.04,7605.0,8726.0,7627.0,88902.73,13577.95
39,asthma,444766.0,112881.0,123872.4,2797.618,367260.0,36951.0,15846.0,28383.0,10677.0,104845.0,31318.0,467372.0,81764.0,6231.374,1055935.0,3857.921,253407.0,6761.0,3220.0,5400.0,33322.0,417796.0,315175.0,27325.0,5816.0,64264.0,20054.0,43961.85,4910726.0,13975.0,18792.0,370847.0,33574.0,17601.72,2019.267,24550.37,55727.0,1145421.0,4540.0,2008.801,14643.0,448.2617,156357.0,124021.0,36867.0,56117.0,8659.0,5497.0,5392.0,13628.0,420274.0,6217.0,35178.0,345.8965,18766.0,9859.0,74569.0,7060.0,4185.0,9783.0,3830.062,5848.0,2624.0,5996811.0,24753.0,93287.0,10427.0,4586.0,7382.0,137679.6,6615.0,792233.0,166342.0,6275.0,4132.0,7960.0,103960.9,17718.0
40,asthma,115570.0,130773.0,24186.64,4889.0,61903.0,31805.0,2148.064,21777.0,57838.03,50009.87,13930.0,215896.0,101094.0,39682.0,527168.0,11312.0,99274.0,16132.0,5203.0,6660.0,37570.0,703709.0,354222.0,66954.0,4800.155,30212.0,11630.0,34789.28,608260.1,11412.0,156426.0,545735.0,42050.0,71913.0,2520.127,144897.0,116475.0,489480.0,10795.0,4956.0,574.3793,3317.0,206208.0,133699.0,8888.784,58009.0,5582.0,14677.0,11900.0,12865.0,780715.0,3176.716,57633.0,2542.452,22702.0,10431.1,96492.0,3613.825,7200.0,7663.0,11164.0,5242.0,4394.0,7348882.0,60969.0,392258.0,3684.975,59662.0,1487.069,268781.0,14919.0,576980.0,11139.64,40814.34,24750.0,7834.0,106243.7,20136.0
41,asthma,324658.0,143011.0,79458.0,4660.0,661040.0,15664.0,87659.0,44644.0,5920.0,82804.0,35220.0,404473.0,150149.0,35997.0,846673.0,1834.301,256954.0,14655.0,9817.0,10960.0,36124.0,454357.0,383823.0,34460.0,6384.549,62835.41,21081.0,34007.0,2964784.0,15043.0,33015.0,372161.0,34767.0,21371.0,17377.0,18831.49,64291.0,2780487.0,8921.0,3587.0,41839.0,2691.742,177175.0,145945.0,48182.0,71237.0,14794.0,8043.0,8313.0,29095.0,779880.0,14425.0,15122.0,5904.0,23216.0,17351.0,71241.0,8839.0,3795.0,10652.0,3612.0,38551.0,4738.0,5728891.0,5043127.0,76648.0,11047.0,7877.0,14421.0,106963.3,8293.0,932966.0,209568.0,9700.0,3913.909,7785.055,150011.9,16229.04
42,asthma,389838.0,146336.0,227793.0,10410.0,1284964.0,60122.0,7502.82,39771.0,16527.0,116544.0,38819.0,451235.0,98783.0,19801.46,999048.0,14402.3,84345.0,12189.0,20195.0,23983.0,43793.54,1322673.0,402752.0,32741.0,6601.0,153486.2,67198.0,30956.0,4626696.0,13881.0,23104.0,396923.0,34900.0,17444.0,6104.0,36871.0,56746.0,1890431.0,11113.0,8004.0,19452.0,10059.0,205038.0,169818.0,151947.0,100942.0,30624.0,21874.04,28757.0,50303.44,749744.0,21772.0,35572.0,7815.0,37093.08,14438.0,78496.0,17566.0,4197.0,15727.0,4446.0,7241.234,4370.0,6630462.0,458192.0,90992.0,11196.0,12142.0,19635.0,106107.0,8945.0,1044324.0,155966.0,12945.0,25348.0,12971.15,123383.0,63688.0
43,asthma,203128.0,211197.0,222816.5,7400.0,447680.0,20124.65,8375.855,16708.0,7524.0,50362.0,22673.0,725993.0,135054.0,26669.0,1144074.0,12057.0,166749.0,12460.0,2892.0,7167.0,81075.0,1081971.0,399390.0,61955.0,5457.0,51635.0,18972.0,38597.33,3954986.0,14021.0,120510.0,538373.0,41864.0,43356.0,2090.91,300054.0,95557.0,595796.0,10990.0,1016.191,7239.0,399.3395,813238.0,170611.0,19206.0,85673.0,6148.0,7447.811,13353.0,16766.0,730893.0,3770.0,72234.0,614.4124,13874.0,12510.94,93326.0,1888.394,4767.0,15622.29,10278.0,10425.0,2041.049,7092315.0,127234.0,575951.0,15910.0,53528.0,2389.596,297720.0,20005.0,667780.0,125176.0,57188.0,20130.0,7199.0,103850.0,21118.0
44,asthma,183629.0,190925.0,202466.0,12866.0,668666.0,20391.0,17613.0,16361.0,186563.6,53591.05,19824.0,1013537.0,216632.0,22101.0,1653592.0,24128.0,188458.0,15486.0,5905.0,4861.0,92326.0,729805.0,412660.0,60287.0,5387.0,53104.0,20652.0,48929.0,4787666.0,16588.0,108532.0,596187.0,44757.0,48407.0,2648.281,568744.0,100552.0,522553.0,9171.0,974.0337,2111.561,8984.0,229699.0,148100.0,11394.0,52940.0,5643.0,13415.0,15822.0,14893.0,476906.0,2938.0,116342.0,3542.627,14601.0,12059.46,104875.0,2069.586,6240.0,12383.0,5250.0,2384.546,2963.152,7709896.0,8477.0,496758.0,11035.0,31664.0,2249.289,266031.0,17760.0,737360.0,59213.0,37402.0,21586.0,6333.0,138218.0,17357.07
45,asthma,266646.0,76852.0,66490.05,7517.0,47695.0,20861.0,1627266.0,10474.0,5706606.0,159066.0,29370.0,648329.0,279858.0,60542.0,1462699.0,34886.43,67626.0,5426.0,6791.0,5729.0,78348.0,40878.51,263044.6,77149.14,6350.0,36527.37,14972.0,52428.0,2155208.0,26158.0,234487.0,533319.0,34428.0,51079.0,5635.0,679193.0,94747.0,543474.0,12215.0,1308.157,1079.967,19584.0,141298.0,166393.0,7416.283,64385.0,6583.0,2097.07,3271.213,16335.0,1024800.0,3100.0,146737.0,7267.0,16636.0,17538.0,155.7644,2367.403,3642.0,9406.0,6809.0,34660.0,1147.091,5930460.0,8593.508,846876.0,4123.35,54172.0,1740.532,418377.0,19044.29,1031402.0,101303.0,51381.38,10936.0,2445.0,140992.0,23209.0
46,asthma,2163.233,1149.907,8130.96,35745.75,401016.7,6071.594,436.2037,30851.0,49.61518,13259.87,902.2858,701.1515,5932.788,21283.0,2303.282,6071.904,11104.95,18355.0,885.989,6419.0,1419.752,1187806.0,213.9573,37005.0,232528.1,31262.0,11933.0,186129.4,12293.3,52.64231,33321.0,17867.98,14597.25,4650.832,1624.227,2868.444,40410.13,500702.0,8184.0,7807.063852,21599.0,10250.0,266562.0,231830.0,308.9808,81180.0,6915.0,25495.0,12847.78,14592.0,555271.0,5378.0,30556.84,27.96803,4694.071,12496.0,139.908,3221.765,261318.9,8773.0,7639.0,5410.0,1901.165,1006.512,26778.92,380.5674,1584.058,142892.3,953.1437,86015.0,20172.0,446.8976,2.8e-07,38580.0,7190.0,6480.662,583.2982,20529.0
47,asthma,159439.0,49277.0,27816.69,4008.426,54221.0,53816.0,334951.0,12137.0,10608.0,36078.0,12022.0,206304.0,59688.59,32232.0,566102.0,12694.0,219127.0,15672.0,6661.0,7285.0,29149.0,707170.0,15878.87,55812.0,6530.0,29625.7,11913.0,18256.0,635582.0,14957.0,88639.0,544830.0,40989.0,72056.63,3437.0,306974.0,109209.0,479481.0,11016.0,827.164,303.6089,280.8482,121222.0,135570.0,769.4727,81427.0,4625.0,7611.0,18600.0,12638.0,755078.0,3470.521,46613.0,3601.0,8866.0,14029.0,56079.16,3219.006,6098.0,6723.0,6268.0,37503.0,2649.0,6667004.0,1010190.0,373041.0,3196.333,33050.0,1174.105,198190.0,15264.0,542428.0,13149.63,38547.0,15804.0,7097.0,143645.0,12204.0
48,asthma,605081.4,124778.0,149015.3,7229.0,530081.0,12683.0,3893.051,35695.0,21137.0,112565.0,44006.0,620455.0,117653.0,33514.0,1222567.0,4618.0,575033.0,11188.0,17263.0,8174.0,39278.0,782702.0,281746.0,60361.0,5201.0,49253.0,16661.0,113106.9,4450690.0,18050.0,142195.0,607474.0,35929.0,90621.35,3673.0,25128.89,115696.0,628959.0,10890.0,1888.317,35021.0,948.7677,199222.0,284693.0,60236.0,77453.0,6246.0,12553.0,10334.67,18391.0,842281.0,4258.496,248262.0,2472.358,26423.0,10124.0,79625.0,3062.283,8811.275,11369.0,20650.0,7242.0,9026.0,6366303.0,150332.0,542554.0,15335.0,61588.0,2338.961,306230.0,20327.42,673348.0,319352.0,54389.0,18697.0,20992.0,72214.0,17992.46
49,asthma,177399.0,119272.0,145790.0,19306.0,305332.0,15835.0,20426.0,33845.0,137957.3,36936.36,15928.0,404561.0,98691.0,29624.0,843489.0,12700.0,150755.0,11544.08,3398.0,3969.0,37394.0,611105.0,438663.0,39601.0,3003.0,29786.0,12055.0,23074.0,2858608.0,11158.0,100068.0,354905.0,21047.0,52640.31,1946.122,380882.0,66336.32,305576.0,6660.0,2157.559,975.2738,10608.0,102755.0,128509.0,17883.0,54518.0,3462.0,26895.0,16115.81,9807.907,476871.0,1928.76,60203.0,2181.219,5540.0,7486.0,45130.0,1805.143,4393.316,9074.0,3049.96,96.29506,901.1322,4000216.0,100528.0,401934.0,6054.0,41750.0,1788.096,220174.0,16711.0,464514.0,74586.0,30448.0,5242.0,5275.416,86457.62,20750.61
50,asthma,45982.0,47605.0,50677.26,2494.42,133033.0,6920.105,2150.186,13840.0,4115.0,26052.0,9155.0,231286.0,131659.0,12721.0,438326.0,4532.0,36833.0,6404.0,4488.0,3969.0,40192.0,265277.0,219283.0,28783.0,5548.0,16670.0,7279.0,12309.0,1115490.0,9903.0,55560.0,268737.0,22317.0,23360.17,2162.025,92716.0,45190.0,315393.0,5500.0,2870.0,1131.297,1604.729,169659.0,85341.0,2963.55,30711.0,2739.597,6994.0,4182.0,9624.0,435341.0,1944.864,36462.0,2200.89,9037.0,9686.0,59802.0,1151.709,2296.52,5387.0,7759.0,4792.0,1677.781,5141087.0,116646.0,280205.0,3164.0,28736.81,1107.282,165510.0,10922.07,437639.0,23855.05,30381.0,18773.0,3870.0,83213.0,10772.0
51,asthma,341431.0,130742.0,154438.0,13413.0,567502.0,28403.0,24886.0,28651.0,8284.0,105986.0,24657.0,523774.0,59976.55,4574.0,880832.0,2668.0,256555.0,6006.0,8749.0,3462.0,33200.0,425124.0,70572.53,21333.0,3727.0,35078.0,12352.0,45662.97,4900797.0,9389.0,15593.0,276912.0,21590.0,12652.0,1776.747,25559.0,41575.0,285953.0,5320.0,3329.0,15507.0,3312.0,156673.0,71401.0,48314.0,35113.0,3486.483,15134.0,8813.0,9452.0,233818.0,4587.0,22580.0,1335.744,20797.0,6430.534,46827.78,3160.0,2634.931,9206.0,2125.78,2947.906,5720.0,4927367.0,155251.0,53272.0,15507.0,34145.0,783.784,62552.0,8881.243,358760.0,235985.0,22425.0,6870.0,12501.2,55886.15,14632.0
52,asthma,446821.0,105357.0,115412.0,13531.0,475874.0,12022.0,101369.0,11225.0,5793.0,88160.0,23207.0,679956.0,85906.0,14802.0,1257111.0,2988.167,217505.0,8198.0,3249.0,3154.0,27929.0,397628.0,235566.0,33710.0,3100.0,18575.85,6905.0,42662.0,5327142.0,11185.0,71800.0,339041.0,23395.0,25306.0,1418.007,20315.15,52145.0,270355.0,4796.0,5786.0,14528.0,177.947,76555.0,84559.0,23345.0,29396.0,3164.308,4896.0,7023.0,8845.0,473094.0,1246.742,15203.0,1724.107,14450.0,7793.0,58924.0,1228.988,2336.078,5725.0,2891.0,987.3841,766.8845,5006871.0,242927.8,344647.0,13411.0,53810.0,1009.996,174129.0,11528.51,406838.0,301943.0,21441.0,35826.0,3252.846,83271.03,7689.952
53,asthma,76288.0,49808.0,16372.13,2743.0,52932.0,37095.0,6561.0,11930.0,7169.0,21846.0,11641.0,197145.0,69245.0,22792.0,366220.0,6616.0,171770.0,8178.0,3779.0,3294.0,23626.0,373279.0,238632.0,41137.0,3487.0,21996.0,9779.215,8639.0,568329.0,12334.0,99149.0,267324.0,21132.0,24611.0,2403.46,114036.9,48562.0,307170.0,5539.0,5862.972,180.0504,6382.0,129357.0,103058.8,2786.441,39787.0,3548.0,11998.0,9265.943,9905.0,534093.0,2070.646,28591.0,2508.388,13092.0,10193.0,55590.0,1483.995,2518.585,8352.273,5606.0,1648.663,917.4142,4831582.0,253191.0,359075.0,1951.937,45158.0,1139.273,218540.0,11818.0,525993.0,7581.549,24586.0,13095.0,5262.583,87204.0,8962.0
54,bronchi,3326.821,660133.2,62907.0,8377.852,164707.0,4115.0,150310.0,25972.0,4793.0,16630.0,21869.0,336265.0,120813.3,7423.618,714519.2,58991.0,2234.627,11650.49,10777.0,6544.0,45744.0,378981.0,3221.944,9189.0,4841.0,30288.0,9546.0,24206.84,2182348.0,110834.0,32602.0,237520.0,3415.923,18774.0,5996.0,246242.0,54387.0,2804.178,3626.0,99657.0,3336.0,30213.0,93765.0,135279.0,17359.0,66785.0,9030.0,11512.0,12513.84,19033.22,673482.0,15892.0,15613.0,1478.566,12527.0,4603.543,474.26,5091.0,3886.0,5666.0,4786.0,4803.291,29622.0,31878.0,704386.0,45038.0,8096.0,13660.0,7028.0,24386.0,11040.48,8022.338,63144.0,10007.3,22235.0,13809.07,4880.442,12783.89
55,bronchi,2802.814,137038.0,514833.0,18997.0,909276.0,9180.91,9814.429,25885.0,3309.0,20949.5,17911.0,506391.0,435.2183,7851.108,1238011.0,62983.01,5776.939,9634.0,12088.0,13574.0,76360.0,474961.0,4857.0,9723.0,4687.0,35275.0,12949.0,36320.0,4975350.0,144672.0,71140.0,308810.0,25878.0,20697.22,5200.0,469486.0,53983.0,15743.0,6475.0,58074.0,8759.0,10836.0,70908.0,126288.0,51519.0,74375.0,8301.748,14428.0,18516.0,30102.0,508955.0,16748.0,51962.0,2967.0,16442.0,5731.0,2143.011,8418.043,3659.245,6074.0,3214.252,3862.388,15970.0,355205.6,260239.0,52079.0,11700.0,10325.0,6802.0,32414.0,7268.941,579712.0,150867.0,8849.54,10608.0,17348.0,75656.0,29285.0
56,bronchi,7797.907,145310.0,222871.0,21812.0,475450.0,15780.0,19938.0,76685.0,8007.0,40895.0,39629.0,829493.0,23274.82,19864.0,1518045.0,64898.0,2248.653,21091.0,11679.0,10153.0,118282.0,288588.0,8502.825,15579.0,7234.0,60456.0,27092.0,219019.0,3907025.0,292141.1,53404.0,412265.0,40010.0,23705.0,9477.0,444527.0,72681.0,77864.36,8673.0,3780.0,6725.0,65905.0,355303.0,223682.0,17332.0,93472.0,11050.0,36693.0,8746.0,53410.25,738442.0,22199.0,79346.0,11112.0,60568.0,14584.27,399.5388,9205.0,4907.0,10485.0,6234.0,11404.0,18800.0,41115.0,572654.0,58073.0,14619.2,14683.0,11344.0,42337.0,17199.0,16552.84,165605.3,14206.0,6241.62,16660.45,97806.25,38871.0
57,bronchi,69738.99,130108.0,139263.0,5811.807,539572.6,4489.0,176018.0,53397.0,5992.96,44977.0,31693.0,247770.0,121.7135,39284.0,481644.0,152742.0,53160.22,14165.0,65571.0,7473.0,115627.0,416685.0,39950.76,16650.0,4282.0,29948.0,7998.945,16363.0,2408380.0,8060.0,165584.0,364605.0,29561.0,42176.0,10369.0,233639.0,70062.0,42824.0,9148.0,10565.0,12007.0,16085.0,132534.0,149651.0,43049.0,65342.0,7982.0,19388.0,8334.192,18377.41,949035.0,9278.0,39232.0,1994.835,15173.0,8501.885,34.53464,5163.0,3080.0,6301.967,7313.0,26277.0,15907.0,1080428.0,1137426.0,641762.8,6878.0,7855.0,13540.0,539631.0,12631.0,1038726.0,55758.0,13530.77,38327.0,5068.605,115783.0,22453.0
58,bronchi,203837.0,228877.0,334607.0,9065.0,511883.0,11593.0,1543772.0,34598.0,6157.0,44781.0,48996.0,608236.0,45423.0,10983.0,877749.0,103728.0,209308.0,11198.01,12245.0,11507.0,127003.0,532573.0,362178.0,17485.0,4715.134,48750.97,22612.79,39114.64,4672726.0,13308.0,155840.9,464135.0,44233.0,25290.27,6770.0,378752.0,80096.0,11261.51,6671.0,3278.0,25497.0,5188.0,251388.0,126643.0,49595.0,101347.0,8496.0,5052.0,8694.519,34376.0,654519.0,14841.0,74171.0,1931.537,33742.0,7991.0,82528.0,10347.0,4988.0,13112.66,6441.0,17720.0,24903.89,6489854.0,9175372.0,79668.0,18290.79,9718.0,10850.63,98890.0,13872.0,578958.0,201625.0,17662.0,29115.0,23339.0,73000.0,27646.0
59,bronchi,192471.0,107941.0,192651.0,4598.0,549776.0,5579.0,3454.161,54395.0,3542.0,26492.88,26117.0,293402.0,51228.0,11055.0,479238.0,81928.0,81820.0,17761.0,10813.0,7763.0,90930.0,688935.0,205447.9,12202.0,4241.0,53993.0,28645.2,17759.0,2021839.0,16215.0,29781.28,265938.0,27301.0,13610.0,8918.0,220692.0,44625.0,11521.0,14645.0,1332.712,9564.0,12077.0,149909.0,132614.0,38416.0,85336.0,7196.0,14651.88,5867.465,19768.0,494882.0,7555.0,44044.0,12579.0,18441.0,9583.454,97807.0,7377.0,3030.0,9647.493,6463.0,7972.0,25462.0,7754310.0,110623.0,57551.0,6161.0,9795.0,8983.0,70558.0,7884.0,1198533.0,90335.0,12531.31,17140.0,18028.0,104967.0,17768.0
60,bronchi,347374.0,135236.0,268636.0,7954.0,437476.5,31668.0,2031494.0,37707.0,12358.78,54561.9,40113.0,925267.0,54003.0,21951.21,1914251.0,99753.0,198061.0,22957.0,28434.0,8274.0,82358.0,390582.0,478604.0,21233.0,7759.0,76612.0,37217.0,56979.0,3457698.0,200517.3,103475.5,354920.0,33477.0,18723.0,18290.0,500044.0,61449.0,60366.0,9090.0,249687.9,6691.0,3899.0,201121.0,158202.0,24330.0,97625.0,12270.0,9123.0,7434.0,26124.0,730945.0,14916.0,128017.0,12971.0,27196.0,19814.0,70073.0,12634.72,3679.0,32887.0,4037.0,17548.0,6628.0,5292649.0,6438842.0,76843.0,10564.0,7622.0,13455.0,89525.0,8172.0,1484611.0,231712.0,12133.0,10342.0,2373.0,196430.0,21976.0
61,bronchi,259741.0,82170.0,111987.0,7506.0,293560.3,2893.519,3058.409,46758.0,3461.0,30131.0,18597.0,589239.0,36647.0,26349.0,567260.0,119585.0,62464.37,21199.0,7594.0,8906.0,39059.0,677332.0,425393.0,16673.0,5639.0,62203.0,20084.0,17779.47,1578985.0,12307.0,51650.17,364165.0,46103.85,17948.0,11413.0,52691.0,65530.0,41326.0,8997.0,379389.0,7257.0,21079.0,116929.0,185257.0,10291.0,80290.0,12584.0,13250.0,5982.0,28473.38,716811.0,15127.0,23100.0,8104.0,9756.0,13650.0,78893.0,15422.0,4064.537,7168.0,4884.0,9962.991,4665.0,5820796.0,165008.0,79552.0,5761.0,6826.0,9101.0,83231.0,21932.72,1157397.0,1242193.0,11522.0,10387.0,6196.0,150287.0,13941.0
62,bronchi,432054.0,405632.0,1202188.0,19067.0,1221188.0,34867.55,19078.42,24132.0,5628786.0,114074.4,42787.0,1184005.0,75297.0,62773.0,1988090.0,228345.0,444504.4,15688.0,9450.0,13430.0,36281.0,69326.6,509708.3,23973.0,6210.0,52715.02,16381.0,57822.0,8646185.0,326039.8,244068.0,510818.0,38211.0,65580.26,16455.0,1010859.0,107865.0,52795.0,12536.0,79737.0,30641.0,15406.0,104849.0,222822.0,492029.0,94872.0,21449.0,3727.563,4861.079,79833.0,1592741.0,52114.0,166661.0,7371.0,20452.89,14584.0,76731.0,24498.0,5383.992,7193.03,9454.0,5954.656,38741.0,5853170.0,117982.0,1285904.0,32201.0,8708.933,15732.0,762568.0,16616.0,2045692.0,337968.0,13718.0,6077.39,22975.0,239671.0,26640.0
63,bronchi,747076.0,159774.0,332095.0,11785.0,381992.5,7268.0,7850.916,38933.0,4389.0,47291.0,27362.0,1097132.0,37043.0,14948.0,1238655.0,102091.0,158444.0,18457.99,17321.0,9813.0,35415.0,437006.0,381222.0,18451.0,6550.0,55975.0,22064.0,32262.09,4569499.0,10386.0,35175.22,394713.0,39822.0,20988.0,12854.0,86177.0,66692.0,70633.0,10622.0,46004.0,8770.0,35809.0,192947.0,182517.0,18259.0,97176.0,12369.0,7352.0,4345.0,23487.28,729822.0,12257.0,33550.0,6756.0,31040.0,14034.0,89346.0,9520.0,5183.0,6822.226,5506.0,15634.0,8821.0,6617614.0,361885.0,81142.0,14652.0,9762.0,8990.0,92114.0,15974.0,1644000.0,865377.0,10505.0,10507.0,4928.248,151197.0,21637.95
64,bronchi,251569.0,413481.0,203909.0,9185.0,493739.0,11651.91,108573.0,58613.0,22934.0,27044.0,41897.0,705480.0,36266.0,11393.79,898000.0,172757.8,212743.0,16497.0,10352.0,20226.0,125845.0,1346741.0,522199.0,24102.0,5237.0,73344.0,20151.0,30548.0,4242153.0,191533.7,63418.38,444579.0,40780.0,26271.84,8622.0,407579.0,71470.0,21155.0,10881.0,6537.0,23085.0,8765.0,243393.0,176614.0,115526.0,120206.0,18226.0,14655.0,28298.0,52575.4,840062.0,32075.0,79478.0,2505.616,52309.0,9856.0,97733.0,25617.0,4944.0,7939.0,11696.0,23438.0,29221.0,7643716.0,406676.0,92436.0,11537.92,8753.11,9543.0,19247.0,18918.0,936177.0,143826.0,14056.0,19590.0,22024.42,103296.0,41876.0
65,bronchi,4118.359,161583.8,203214.0,327.2896,692281.0,4886.0,5154.151,183216.0,6077.0,47756.0,36332.0,400238.6,128315.0,16147.72,5503.919,186001.4,1576.915,16813.0,6379.0,14705.0,173802.0,1348076.0,972.5311,19668.0,5624.0,94565.0,31633.0,24572.0,4068166.0,3930.079,108999.5,415806.0,1386.873,22831.35,8025.0,241869.0,73275.0,1364.227,10840.0,3189.0,16450.0,47492.0,283373.0,252460.0,120582.0,134288.0,40079.0,90006.42,7534.512,75382.44,1173569.0,40130.0,64775.0,3147.0,20272.0,15328.85,22.71327,26291.0,40557.46,13281.0,12879.0,5154.942,7783.0,21565.34,129983.0,101383.0,9286.0,29118.0,12960.0,133240.0,20490.65,6172.381,65525.0,21024.0,7191.0,15469.0,3657.023,47218.37
66,bronchi,252586.0,274531.0,449890.5,6554.0,776479.0,39204.59,26381.0,13444.0,5340829.0,95653.0,45126.0,960358.0,124298.0,48683.0,2120394.0,304499.0,205733.0,12783.0,7536.0,25795.0,40608.0,832708.0,450484.0,19868.0,4261.706,101580.0,24716.0,75963.0,7087416.0,22341.0,87730.0,613527.0,44436.0,69890.68,5298.0,1201489.0,115022.0,38257.0,10444.0,2584.895,5502.0,9503.0,159255.0,173963.0,80536.0,123569.0,11756.0,13453.0,2069.118,35965.45,1394097.0,24721.0,167837.0,1490.124,31706.7,9526.0,86877.0,8346.0,4796.0,10272.53,7445.0,2414.905,16563.0,6932096.0,160308.7,1375627.0,18684.0,10748.0,9309.0,769824.0,16162.85,966436.0,185629.0,12860.0,15254.13,16817.0,95691.0,88927.99
67,bronchi,334736.0,153229.0,211833.0,17739.0,994063.0,5223.566,289031.0,59184.0,3205.0,51674.0,25637.0,690023.0,23649.32,33411.79,1122630.0,115568.0,104742.0,15187.0,8739.0,15902.0,40073.0,767515.0,246875.6,21417.0,7287.0,72936.0,21314.39,33457.0,4752876.0,14168.0,39726.98,482834.0,50960.8,23555.0,7033.0,171015.3,75480.0,115170.0,12447.0,2661.0,11431.0,14034.0,190614.0,221847.0,30201.0,130538.0,18952.0,31122.0,6998.0,42704.0,893346.0,24960.0,28295.0,13236.0,23656.0,19186.0,51964.43,20051.84,5703.0,5741.779,5356.0,10078.92,1705.862,7474614.0,394228.0,103382.0,10938.0,14461.0,11928.0,125222.3,18520.0,1190904.0,821186.0,16084.0,13206.84,2436.057,186859.0,42377.51
68,bronchi,145154.0,144062.0,172260.0,5390.0,646276.0,9342.0,10782.0,29779.0,3029.947,28452.21,27976.0,503196.0,25020.0,14993.0,784391.0,54554.0,140184.0,6829.0,19763.0,9111.0,80864.0,291684.0,210530.0,9753.0,3941.0,38706.92,15048.38,22222.4,3543388.0,10144.0,24960.66,277341.0,25667.0,16253.0,5248.0,289336.9,41775.0,13414.0,6495.0,8038.0,19607.0,5087.0,117935.0,106083.0,75967.0,58659.0,5427.0,2819.672,5787.0,35087.0,431938.0,20256.0,65142.0,26016.0,16442.0,9912.0,64750.0,7912.0,3315.0,5195.0,5169.0,19909.0,4597.0,5071192.0,177396.0,56354.0,10305.0,4319.0,5506.933,9552.0,9016.203,628083.0,182810.0,9867.0,13472.0,9953.0,89563.0,13496.58
69,bronchi,288841.0,128881.0,160533.0,6704.0,456966.0,16011.0,58196.0,11211.0,109016.8,37892.51,18641.0,1028732.0,49994.0,13117.54,1615405.0,52249.0,165083.0,9015.783,4752.0,4213.0,71295.0,337339.0,12701.1,8134.0,5964.0,22590.0,9430.0,26701.0,6049024.0,11242.0,31394.81,300135.0,26070.0,14701.0,2936.812,348162.6,41076.0,23389.0,7324.0,1283.433,2130.123,5414.912,71746.0,99610.0,13991.0,45988.0,3375.0,7017.0,8947.0,9828.0,267282.0,4928.0,76362.0,3421.0,7023.0,10736.0,62104.0,3541.209,3089.0,6114.152,4381.0,3985.0,2287.741,5116799.0,45834.0,51430.0,14911.17,23844.0,933.1613,53999.0,10775.0,563390.0,197014.0,22728.0,7818.0,5301.018,125145.0,10247.0
70,bronchi,184403.0,120946.0,99147.0,4893.0,377197.5,1333.939,3662.674,25315.0,1926.586,50617.0,12103.0,352978.0,17104.0,58945.0,642637.0,126968.0,55518.0,7995.0,5053.0,4389.0,24921.0,357110.0,440052.0,12479.0,4079.0,23982.0,8762.0,11190.0,1708923.0,108215.8,204424.0,445883.0,30946.87,87811.13,3202.551,34915.0,96354.05,30439.0,8365.0,1540.686,7235.0,36387.0,104232.0,153313.0,23037.0,60009.0,4767.0,17938.0,4292.0,7592.0,739222.0,1749.348,51347.0,3016.0,8898.0,11389.0,61132.0,3710.0,8340.0,6797.0,5890.0,2440.679,3652.0,4843656.0,391775.0,785062.6,5493.0,51114.0,2908.014,360479.0,17085.51,539946.0,475315.0,28397.0,7674.0,4822.0,98797.0,11695.0
71,bronchi,81692.0,47034.0,60605.0,3961.0,169908.0,1417.143,18886.0,14395.0,2125.12,17022.0,12464.0,168822.0,14682.0,9397.0,335635.0,85878.0,22915.0,4878.056,7301.0,6499.0,22438.0,201762.9,250248.0,6408.0,4575.0,58687.0,21531.13,18191.6,870319.0,7611.0,48462.0,215576.0,22221.22,10680.0,2566.245,22898.0,40046.0,3440.117,2900.603,1444.762,3095.0,9760.0,105997.0,103381.0,6721.0,46203.0,7400.0,9025.0,2644.0,27507.0,581438.0,12250.0,35927.0,2368.937,4809.0,8733.0,47605.0,3561.0,2025.281,10511.0,3538.0,8806.0,8014.0,3832936.0,425983.0,59916.0,3022.42,5179.0,5646.0,74725.0,13606.99,382090.0,266256.0,5554.0,9948.0,12818.0,55428.0,10117.0
72,bronchi,150937.8,129310.0,145089.9,2851.005,178225.0,13516.0,112423.0,14476.0,4426.0,33106.96,22904.0,539829.0,27880.57,8462.047,860498.0,116629.0,157450.0,7091.0,3230.0,6980.0,65536.0,333828.0,502384.6,9846.0,3703.0,66524.0,18070.0,25411.0,3499868.0,17392.0,58470.0,315802.0,29152.0,16057.0,2183.943,566554.0,51426.0,4821.69,4774.0,8005.0,2475.002,3472.0,100139.0,89127.0,8378.424,60296.0,10175.0,7169.0,5472.587,17127.0,552244.0,9715.0,80707.0,1174.921,11527.0,7898.0,44870.16,5648.215,2866.835,7718.0,3647.054,4954.325,11020.65,4724953.0,621662.0,70870.0,9977.0,4805.0,4596.0,82129.0,6431.705,264669.6,103178.0,6274.0,6007.771,14915.0,70345.0,13654.0
73,bronchi,89219.0,164346.0,134826.0,6242.0,906401.0,7499.341,5533.181,31229.0,316486.3,58515.0,29430.0,371824.4,29542.0,69725.0,744859.0,200616.0,163962.0,8693.0,4682.0,6645.0,121321.0,352238.0,272975.0,19770.0,3182.409,41080.66,12185.0,26400.0,3098284.0,16416.0,271372.0,423064.0,26816.0,66141.47,2513.058,1036059.0,80114.96,28227.0,4169.0,7571.0,17781.0,2302.128,143758.0,120406.0,62765.0,60959.0,7546.0,6547.0,4103.0,11364.28,1094549.0,5910.0,82957.0,3709.0,19764.0,9211.0,46385.0,3247.0,4965.049,4530.394,9147.0,14827.0,1861.953,4024204.0,399137.0,551657.0,10750.0,5940.0,3958.0,816320.0,12147.0,709673.0,102608.0,6505.561,191777.0,5698.246,98631.0,14610.0
74,bronchi,138756.0,126727.0,169275.0,3553.0,775218.0,11084.0,18272.82,19972.0,7982.751,37031.0,23504.0,674480.0,27280.0,28761.68,969608.0,113697.2,104714.0,11836.0,4318.0,7405.0,88326.0,292311.0,503443.0,12206.0,6499.0,45419.0,13479.0,19797.0,4253422.0,11755.0,40235.0,209320.0,17901.0,10875.96,5346.0,311560.0,30486.03,29500.0,12920.0,2873.0,4379.0,2228.228,131682.0,109335.0,48662.0,43175.0,10753.0,3538.0,6870.0,33273.0,644210.0,16779.0,73454.0,38355.0,10000.0,25892.0,29008.0,9403.0,1739.081,4119.0,2931.0,12670.0,6218.0,2544448.0,217362.0,61894.0,7203.0,3462.0,4500.0,69858.0,6724.0,982323.8,115151.0,7480.0,13074.0,4682.451,308173.0,13361.0
75,bronchi,81602.0,67122.0,198388.0,5912.0,229049.0,6336.0,6170.063,12916.0,5021.0,25053.38,12584.0,259363.0,16348.0,23137.0,487795.0,79269.0,54530.0,7628.749,3885.0,6808.0,53534.0,168638.0,319595.0,5987.0,3536.0,37468.0,14802.0,14050.0,942865.0,4118.0,22115.0,277016.0,17931.0,24070.64,2325.258,177738.0,44992.0,13779.0,5370.0,3697.0,4998.0,1976.978,125429.0,66016.0,8592.0,43946.0,5239.0,2328.334,3565.0,19856.0,495834.0,7901.0,51822.0,3997.0,11770.0,11328.64,33395.0,2620.121,1507.512,5823.0,5361.0,6324.0,3613.0,2394275.0,220844.0,325488.0,4494.0,2599.0,6601.0,242951.0,6209.0,528335.0,64146.0,7919.0,6239.0,5715.0,103994.0,8689.125
76,bronchi,234455.0,70571.0,177512.7,8008.0,255255.2,18924.29,3831.46,4885.0,7325163.0,46112.0,9563.0,504946.0,61991.0,20490.0,1412398.0,65798.0,122111.0,2355.308,4025.0,5699.0,13146.0,31536.76,274758.5,4339.0,3177.497,35736.0,13984.15,25104.0,4338404.0,188421.6,115160.0,395078.0,23155.0,59666.35,1850.987,498844.0,82310.0,21501.0,4098.041,2498.984,3692.0,21832.0,61179.0,82301.0,7957.0,37349.0,6854.0,1857.297,1308.594,16561.0,492434.0,7840.0,66196.0,2291.023,4136.0,8839.0,49126.0,3246.0,5157.0,6597.0,1641.088,1475.703,1308.029,3925942.0,2881.212,334142.0,11080.0,2597.0,4234.0,212861.0,9052.0,530552.0,137064.0,4848.0,1727.939,2190.137,90069.0,11344.0
77,bronchi,100841.9,78678.0,135859.0,5052.0,243113.4,7335.0,7840.0,17746.0,3231.086,15067.0,16309.0,269722.0,36224.5,3445.0,448870.0,59659.82,66356.0,9939.0,3971.0,4152.0,72878.0,881248.7,158424.0,7045.0,2864.0,20709.0,8206.0,14887.0,1930080.0,7741.0,52548.38,250067.0,20648.0,16411.0,1489.926,165079.0,41177.0,2452.041,6412.0,1377.548,5836.0,3739.0,126872.0,100447.0,12872.0,40531.0,3421.0,6684.0,6677.0,7053.0,259030.0,4489.0,51752.0,8912.776134,11497.0,5133.389,57941.39,1832.554,2308.323,5786.0,5709.0,4690.0,6142.0,4226913.0,93932.0,43955.28,4308.0,46372.0,1128.009,43383.0,11993.0,311353.0,73726.0,24134.0,10300.0,8498.846,46886.0,12129.0
78,bronchi,191767.0,39006.0,174720.0,3664.0,335843.0,2701.0,1189.458,13672.0,4145.0,25109.0,17501.0,250017.0,39695.0,17534.0,398079.0,119726.1,98108.0,9083.0,7664.0,3840.0,39743.0,333112.0,156492.0,13465.0,3808.241,48332.0,9267.0,8101.0,1267800.0,19385.0,63367.0,258646.0,22602.0,21538.0,4635.279,41527.0,48508.0,9723.0,7534.0,2903.0,6503.0,324.9569,109877.0,99455.0,4459.596,30338.0,9702.0,3901.0,4013.883,9396.0,468269.0,4272.0,15999.0,9148.0,11940.0,9865.09,40140.0,3895.0,2566.0,5372.0,5098.0,11728.0,1801.666,3158955.0,2238.625,45472.0,3206.019,24654.0,564.7924,39034.21,10042.7,487029.0,79964.0,24507.0,6244.0,2618.275,66620.0,7712.0
79,bronchi,225053.0,167168.0,415731.0,3994.0,287491.0,12920.0,13260.98,16833.0,5049.665,28143.0,35251.0,922682.0,46606.0,9674.0,1354479.0,140150.0,237462.0,7933.0,2528.973,4338.0,104878.0,251052.0,335084.0,16042.0,5118.0,74807.78,19850.0,27471.0,3992925.0,16012.0,91373.0,435549.0,42328.0,24948.0,2052.609,385117.0,74311.0,5085.254,6128.0,9798.0,4492.0,2426.212,126491.0,167714.9,23175.0,61192.0,11170.0,5135.0,7858.0,15834.0,498441.0,6733.0,79605.0,8912.776134,19083.0,8970.602,85687.0,4662.0,5091.0,12221.86,6523.0,5176.0,5705.0,7083277.0,501039.0,75068.0,11888.0,52606.0,1811.582,79222.0,15923.0,599321.0,154650.0,35899.0,17367.0,9070.57,79434.0,11227.0
80,bronchi,279896.0,183059.0,414041.0,9836.0,332498.0,25333.0,66692.0,43764.0,10648.0,60271.0,39146.0,759550.0,37759.0,29185.96,2101274.0,185107.5,144498.0,9218.0,3846.0,13646.0,118730.0,803969.0,363114.0,12635.0,6860.057,64943.0,23211.01,59669.0,3408330.0,13335.0,47371.0,506651.0,41002.0,50749.0,2706.0,567857.0,92942.0,12328.0,6996.0,2428.068,15116.0,2536.715,314189.0,163189.0,65549.0,91781.0,11154.0,10469.0,11280.89,46109.0,1079595.0,36578.0,164629.0,22.36682,48479.0,11879.0,93246.0,13234.19,3740.242,9844.0,11600.0,9861.0,5256.7,7430250.0,271641.0,696799.7,10290.0,7819.0,7605.0,490742.0,11479.0,746798.0,218775.0,16209.0,25022.0,13202.0,104836.0,39751.59
81,bronchi,161894.0,246135.0,267311.0,20516.0,480730.0,19439.0,130137.0,67256.0,10836.28,61121.0,48503.0,492297.0,32061.0,7954.0,740957.0,146085.8,129426.0,13075.0,10807.0,8114.0,103379.0,1010019.0,258990.0,10854.0,5340.0,106337.0,38488.0,35622.0,3711652.0,12350.0,67126.43,387231.0,36022.0,19600.0,2923.0,339967.0,60996.0,4979.752,5222.0,3407.0,15932.0,23055.0,257466.0,126893.0,50988.0,94289.0,9390.0,13432.0,14638.0,21818.0,714130.0,16793.0,142100.0,1475.002,28130.0,8702.057,77168.0,8102.0,4770.0,30005.0,188882.0,5335.22,14413.0,6415096.0,2978395.0,102417.0,11804.0,10063.0,11840.0,170359.0,11624.39,507916.0,120782.0,11332.0,22303.24,18584.0,68147.0,27065.66
82,bronchi,284809.0,149012.0,300172.0,20730.0,366356.0,23497.0,20552.0,10307.0,210907.2,29426.75,18631.0,725973.0,30862.16,21718.0,1470946.0,74419.0,200248.0,14253.0,10400.0,10468.0,31529.0,471876.0,465145.0,8760.0,9112.0,40765.0,17642.0,46904.0,4836808.0,13711.38,85611.46,403001.0,40009.85,24209.0,7525.0,690016.0,70388.0,88045.0,27483.0,3243.46,1913.454,10093.0,89451.0,188694.0,71554.0,99306.0,5378.0,11165.0,5268.434,19613.0,470594.0,8501.0,95113.0,80459.0,46954.0,24401.0,70892.85,2683.446,4148.0,10236.0,7337.0,4074.016,7724.0,6351712.0,233116.0,77243.0,8674.0,62589.0,1313.588,76285.0,17323.0,1174192.0,358399.0,54113.0,10180.0,12932.0,285291.0,40324.0
83,bronchi,232180.0,312384.0,265364.0,19169.0,1121120.0,14207.0,106989.0,48655.0,6881.0,48261.0,33128.0,798670.0,60827.0,26103.0,1290421.0,152709.2,409950.0,13519.55,2969.0,6036.0,128202.0,1223163.0,323130.0,11559.0,5167.0,36324.0,15490.33,121786.5,6086686.0,11126.0,155569.0,547871.0,41166.0,36982.0,2410.642,333985.0,83110.0,6707.719,11633.0,2050.944,59102.0,7092.0,174334.0,185713.0,130252.0,75162.0,6369.0,11764.0,13452.0,16558.92,873633.0,2778.743,90439.0,521.7326,44670.0,8809.899,78606.0,2967.191,4603.0,10475.0,11383.0,4446.0,4204.0,6382022.0,773907.0,491484.0,22926.0,109320.0,2566.175,303339.0,18740.0,701232.0,251430.0,46903.0,8932.0,12042.0,90922.0,30686.0
84,bronchi,103620.0,158939.0,85468.34,9086.0,65738.86,7593.0,52107.0,13041.0,5190.0,18579.0,18803.0,398356.0,8145.322,9187.0,499750.0,75358.62,71290.65,11377.0,3444.0,3551.0,55550.0,617015.0,40990.45,8004.0,4396.0,26372.57,9742.0,13317.0,1753168.0,12261.0,41356.0,247616.0,22803.0,12141.62,2053.102,227884.0,40332.0,19386.0,7057.0,4979.0,1405.049,813.1792,480878.0,114408.0,3226.326,31555.0,3869.0,6551.0,4076.0,8731.111,328547.0,3226.0,41028.0,2065.731,8684.0,9984.0,10013.49,1876.034,2661.963,5741.0,4641.0,7288.0,1126.045,4514975.0,433074.0,50507.0,4504.0,16979.0,1246.802,56433.0,9913.434,382308.0,44923.0,24141.0,8668.0,6478.916,92856.0,10173.0
85,bronchi,103606.0,40790.0,133527.3,4062.0,309557.0,3696.128,13405.0,9816.0,4357.0,20268.0,10694.0,232218.0,7203.368,27949.17,469609.0,125158.0,29184.92,13036.0,4147.0,3853.0,29342.0,455915.0,73573.65,9584.0,5004.0,34586.0,11587.05,19020.03,1010050.0,9069.0,120701.0,264382.5,20474.0,24043.98,3182.0,33063.0,47053.0,28065.0,11399.0,1979.885,4421.0,433.3603,111856.0,96188.0,5260.0,42370.0,3358.0,4145.0,5426.0,6366.0,487046.0,1659.88,17372.0,20405.0,7537.0,15740.0,12689.65,1372.954,2161.489,7320.0,5298.0,2598.0,2886.0,4107870.0,785066.0,412140.0,3499.0,17383.0,818.6775,270896.0,14934.0,623015.0,69416.0,21247.0,29891.0,3316.195,162647.0,8928.0
86,bronchi,76543.0,80408.0,125492.0,4561.0,164419.0,5681.0,6390.563,27892.0,5354.0,28544.91,21673.0,330683.0,26929.38,28266.0,539595.0,124690.7,64408.0,13038.0,7396.0,4536.0,68114.0,760819.0,143368.0,11204.0,3602.0,44467.85,13971.0,15499.0,2147387.0,10636.0,105552.0,251275.0,17665.0,23822.0,2588.421,164211.0,41007.0,6616.0,7112.0,1528.372,4603.0,29038.0,146970.0,129371.0,11480.0,40235.0,4292.0,18063.0,11660.0,9031.0,621085.0,2144.836,49452.0,3691.181,23621.0,8979.0,25626.37,2338.0,1802.925,8096.0,4746.0,3906.0,3172.0,3352310.0,1238661.0,383653.0,4587.628,37606.0,1736.996,256088.0,15211.16,397634.0,52194.0,29871.0,27320.0,7958.0,64302.0,15178.0
87,bronchi,95157.0,64966.0,44879.05,4525.0,99377.0,3433.0,906.5491,10161.0,2727.571,10413.0,6758.0,198264.0,55656.0,11916.0,421170.0,62977.56,37232.0,12149.0,3174.0,3099.0,44560.0,602703.0,282343.0,7027.0,4395.0,28813.0,11127.72,8583.555,1485644.0,16026.0,48426.36,255170.0,20939.0,13544.55,1908.937,119400.0,40594.0,24590.0,5494.0,5667.0,798.5818,262.1863,285902.0,91601.0,4645.295,36490.0,3545.0,6148.0,7942.0,8488.0,301040.0,2959.0,21982.0,3204.0,4896.0,10269.68,54320.0,2152.278,1946.413,8056.262,5344.0,8673.0,825.2626,4680716.0,135.9717,52681.0,2409.335,22029.0,783.2444,50267.0,10024.0,572980.0,16842.24,22420.0,8768.0,1637.731,84793.0,9858.0
88,bronchi,184204.0,156386.0,204643.0,3579.0,555303.0,11385.0,18143.0,21937.0,8065.0,35679.0,56421.0,767353.0,59983.0,15281.0,1323730.0,47459.36,188026.0,7498.0,3933.0,4442.0,91429.0,403590.0,390975.0,8881.0,4545.0,13766.0,6324.041,21027.0,4811081.0,145431.3,13367.0,284137.0,20391.0,26187.35,2021.558,329474.0,48048.0,22602.0,4179.0,19280.0,3137.0,709.4804,82283.0,260064.0,20202.0,1901.383,2111.984,5645.0,4490.0,6274.0,477929.0,15942.0,78531.0,1137.04,11276.0,10784.0,76381.0,6119.0,1910.719,3020.903,2642.854,8276.0,1750.349,7122479.0,157551.0,351068.0,7929.0,2441.361,3172.0,161457.0,13400.0,507943.0,125861.0,4351.724,14135.0,4809.148,62524.0,11149.0
89,copd,377455.9,262201.0,1300296.0,18693.0,3023999.0,19910.27,156524.0,23097.0,9500413.0,52501.0,48449.0,1077318.0,279.3043,16345.59,1816368.0,51810.0,922.6492,11475.0,32138.0,13627.0,40547.28,34039.0,2547.331,36353.0,5597.0,31287.0,12647.0,56942.0,7540286.0,20518.0,76061.65,436110.0,39866.0,28019.0,11442.0,1164955.0,74130.0,129007.0,10991.0,69299.0,39630.0,45701.0,107236.0,236610.0,212238.0,114120.0,9010.0,9947.0,2060.217,31333.41,639522.0,17391.0,128328.0,37122.09,26351.98,10380.0,31.52052,12383.0,4511.0,5417.0,11903.0,5488.001,39012.0,2802483.0,496072.0,102399.7,19912.0,10123.0,14756.0,40898.72,10770.0,1595790.0,249606.0,11426.0,6823.0,22176.0,153457.0,50428.07
90,copd,8737.307,44910.0,205718.0,7194.0,510411.0,3141.0,7778.125,22226.0,5496.0,51683.0,17929.0,433464.0,4.281951,63081.0,967064.0,361436.9,2183.975,36203.82,47164.0,6319.0,58321.0,639367.0,19784.0,106936.0,7775.0,122666.0,29151.0,15918.0,1980695.0,10875.0,274609.0,540333.0,38507.0,101554.0,24331.0,70388.0,127093.0,82648.0,12761.0,124673.0,16669.0,10563.0,125620.0,170279.0,10472.0,75406.0,13006.0,13238.0,10016.0,38983.97,1376586.0,15651.0,10710.0,5306.0,18320.0,22937.19,539.398,9339.0,10103.47,14366.0,4794.0,23075.0,15791.0,33697.52,368285.0,1551431.0,5383.125,7249.0,10372.0,829594.0,22465.0,1817860.0,126849.0,12444.0,2707.0,5029.0,207885.0,14788.93
91,copd,98685.0,148375.0,149429.0,2674.0,460028.0,4860.0,51772.0,28366.0,4175.039,16022.0,19682.0,356219.0,527.2968,5105.0,607379.0,49476.0,142871.4,11207.0,10810.0,5679.0,68536.0,280853.0,155427.0,20445.0,4111.0,30079.0,10721.49,16147.0,2489237.0,4704.0,34361.45,247666.0,25122.0,15782.0,5868.0,170564.0,41257.0,5189.0,3738.0,1603.927,19039.0,10296.0,89915.0,131113.0,35641.0,58643.0,5605.0,9262.0,12900.4,17778.0,356150.0,9359.0,42866.0,4880.0,21623.0,6447.487,667.9671,8449.0,2584.0,4522.818,6055.0,4211.416,9758.0,5701544.0,659660.0,49505.0,10673.0,11834.77,5223.0,45755.0,7861.0,5051.925,111018.0,6957.0,4987.0,9629.0,82077.0,16340.74
92,copd,359614.0,119045.0,230344.0,8795.0,181623.0,8550.759,35651.18,42777.0,4138.51,48853.0,19177.0,557637.0,194.8628,21386.0,651647.0,87987.0,1822.189,14609.0,13063.0,10641.0,40488.0,425293.0,4842.341,26307.0,3780.665,65339.0,28334.0,219897.1,2969018.0,10120.0,42202.84,280013.0,31957.62,13338.0,8156.0,144907.0,41033.0,45516.0,7288.0,1431.686,5186.0,28845.0,79419.0,208778.0,20064.0,71428.0,13019.0,19845.06,3154.0,38055.0,590535.0,13881.0,797706.0,17832.0,13700.61,7966.0,453.3391,8397.0,4047.015,12727.23,2585.096,3504.724,16922.0,5795602.0,43946.36,71032.0,5998.0,8607.0,13617.0,36991.1,16192.0,1216545.0,780810.0,10760.0,11097.0,9673.0,85991.0,17667.0
93,copd,265867.5,70727.0,299067.0,4958.0,154703.0,8343.0,1142873.0,47987.0,8012.0,25717.36,29185.0,491855.0,543.5209,23587.0,782037.0,132741.8,45325.87,26136.0,28916.0,2785.0,83379.0,605225.0,13213.0,25306.0,6017.0,77964.0,27996.0,35373.0,1724042.0,8038.0,29180.38,294451.0,26648.0,15690.0,12025.0,407829.0,42877.0,41963.0,7253.0,1510.425,4781.0,46473.0,238813.0,140690.0,17111.0,75969.0,12944.0,17969.0,5042.0,33322.89,828597.0,10437.0,70340.0,6517.0,33544.0,15601.0,1711.04,6942.0,3106.0,13360.0,6038.0,30008.0,3275.0,877339.4,176007.0,55897.0,4271.495,8264.0,10367.0,32638.0,9622.308,1659583.0,95256.0,14511.0,26098.0,2004.082,190899.0,27531.74
94,copd,414590.0,195570.0,214254.0,10753.12,409263.0,5908.0,21581.65,46939.0,5143.649,31677.05,30424.0,1015753.0,47181.0,32227.0,1230122.0,422444.0,134384.0,23589.0,24000.0,3155.0,40091.0,331485.0,409266.6,38155.0,5867.0,209206.0,55649.0,85265.0,4312767.0,18820.0,48292.0,352791.0,52198.94,25588.0,16821.0,94436.0,75119.0,54766.0,11814.0,1248.669,10590.0,16274.0,177942.0,69666.0,29998.0,97669.0,29482.0,5247.0,4250.955,28739.97,968022.0,18066.0,27825.0,8906.0,26291.0,10475.17,83082.0,44692.0,5351.0,19414.0,20325.0,21753.0,19643.0,6661640.0,13086.0,189932.0,14852.0,12903.0,9106.0,431780.0,9817.0,1701527.0,518587.0,12665.0,14673.0,6694.0,149185.0,21638.0
95,copd,176276.0,124238.0,213445.0,9536.0,772716.1,9303.794,59001.0,52942.0,6839.0,31383.0,39135.0,523991.0,40554.0,25198.0,828481.0,67478.0,156677.0,11613.0,15130.0,8589.0,85596.0,351682.0,464150.0,23657.0,4720.0,37834.0,20661.0,26094.0,4264262.0,6209.0,49839.01,270806.0,32678.0,14928.0,6800.0,300622.0,43765.0,44596.0,6816.0,919.1467,17003.0,58773.0,220885.0,144054.0,48875.0,72491.0,9403.0,22266.0,10804.0,31660.48,672238.0,19908.0,74558.0,10600.0,30189.0,12075.0,77681.0,8361.0,3115.0,10978.79,6170.0,9127.0,5581.0,6092866.0,2359741.0,57428.0,10549.0,8417.559,8586.0,12188.0,12082.87,1078577.0,135922.0,13815.0,7236.0,6240.0,152040.0,18787.64
96,copd,263256.0,249259.0,442668.0,8746.0,311794.0,9625.0,41605.0,16580.0,8175.0,35721.53,24629.0,616347.0,60753.0,5705.0,746313.0,78497.0,307235.0,7504.709,18145.0,5188.0,96125.0,226988.0,253977.0,23299.0,4575.0,39421.0,13308.0,22922.0,3499222.0,9650.0,51597.62,263488.0,27583.0,17427.0,6396.0,346261.0,43711.0,5887.0,7274.0,1529.945,2702.196,4547.0,104386.0,158617.0,27784.0,59409.0,5472.0,5015.0,10774.52,13277.0,356209.0,5212.0,57226.0,4227.949,11573.0,7269.0,61225.0,3682.283,3432.0,9929.532,4510.0,4217.0,22445.0,4765582.0,38599.0,54432.65,10169.0,36659.0,916.2101,62373.0,13347.0,547134.0,119504.0,33498.0,18509.0,17885.0,67791.0,14007.6
97,copd,119440.0,142620.0,118328.0,3275.0,359652.0,9074.0,130382.0,35337.0,7058.0,30276.76,30895.0,611065.0,50328.0,10685.0,829090.0,247195.7,126501.0,12178.0,17603.0,3102.0,77644.0,730846.0,332758.1,22551.16,3698.0,135103.0,42102.0,33971.42,3991402.0,7895.0,54959.0,321971.0,28828.0,20430.65,7219.0,290814.8,54066.0,10551.43,5004.0,37619.0,4313.898,10895.0,134664.0,98501.0,25600.0,81637.0,8493.0,14012.0,4712.0,10231.9,646515.0,7733.0,64322.0,5278.0,16232.0,7127.357,76702.0,6835.0,2851.574,22354.23,14037.0,14799.0,31665.0,5635349.0,1192004.0,82180.73,12901.0,11872.0,8441.0,100305.0,7624.0,551919.2,105473.0,9186.0,7076.303,18401.0,59486.0,17062.96
98,copd,286940.0,208765.0,218157.6,10451.0,389411.6,14058.94,14006.25,36174.0,13126.0,54940.0,26666.0,819388.0,91342.0,15172.0,1366970.0,115824.0,136447.0,23343.0,15238.0,10009.0,71368.0,657469.0,402817.0,36807.0,5119.0,49758.0,22757.0,29604.0,4601758.0,7451.0,68369.17,448664.0,40085.0,24566.0,12584.0,337226.0,78345.0,33458.0,11718.0,3829.0,7943.0,49020.0,216007.0,201272.0,23864.0,89979.0,12772.0,23368.0,10733.22,27919.68,836707.0,13497.88,101016.0,7869.0,25383.0,11714.82,87374.0,8642.0,5425.0,6145.193,8909.0,27047.0,12489.0,6957393.0,21835.0,87341.0,14323.33,10912.0,9401.0,93952.0,16545.21,1364947.0,141595.0,12438.0,11078.0,10850.0,142171.0,20836.0
99,copd,211227.0,93477.0,151107.0,7716.0,378953.0,5269.0,17423.0,42537.0,5441.0,27577.0,26725.0,572592.0,27186.0,13410.0,571969.0,142598.0,47036.0,21015.0,21676.0,5957.0,34086.0,554592.0,274165.0,30668.0,5958.263,74492.0,31568.0,22809.0,1804463.0,5749.0,51385.0,414266.0,44505.23,20481.0,17797.0,57629.0,72677.0,46802.0,9401.0,5765.0,10182.0,6274.0,181231.0,117251.0,12002.0,86430.0,8458.0,8667.0,7728.0,29172.0,579708.0,16040.0,33069.0,7448.0,16116.0,14866.0,89220.0,9321.0,4357.0,14628.0,12761.0,33857.0,14710.0,6609110.0,798115.0,73015.0,8688.0,8764.0,14941.0,89514.0,15824.0,1421285.0,91586.0,13978.0,26800.0,10462.0,130496.0,17595.0
100,copd,502203.0,189056.0,321140.0,11893.0,479770.6,20833.0,39614.0,66033.0,10241.0,48460.05,39539.0,1085280.0,71626.0,15254.0,1696705.0,116687.0,279433.0,22501.0,18940.0,8786.0,118708.0,1131456.0,520948.0,34277.0,5780.501,75121.95,20572.0,41080.0,6138831.0,11464.0,54677.13,462856.0,43717.0,25133.0,15685.0,522441.0,75604.0,13575.0,13032.0,5045.0,4132.0,56068.0,296460.0,208115.0,27237.0,107808.0,10325.0,33323.0,15534.0,25365.0,897434.0,17844.0,101522.0,10605.0,30906.0,12207.08,96523.0,9293.0,5822.0,12102.65,4081.0,18580.0,44578.0,7399910.0,183567.0,97469.0,19078.0,18389.0,14446.0,94901.0,18726.24,1283786.0,190007.0,13072.0,199828.0,26568.0,145409.0,21076.44
101,copd,288204.0,534870.0,82194.64,6821.0,324261.6,33871.87,22342.0,46954.0,13205.0,43143.0,42179.0,622689.0,75028.0,23392.0,999484.0,112115.0,104953.1,15026.6,15929.0,14531.0,98954.0,635601.0,508717.0,37150.0,5690.0,71269.0,26557.0,47922.0,3601383.0,9358.0,63080.88,438707.0,40638.0,23859.43,9046.0,434285.3,70381.0,68655.0,8075.0,11579.0,5631.0,24785.0,243247.0,208169.0,61749.0,122636.0,10857.0,17584.0,10413.0,24038.0,688675.0,15549.0,101293.0,11192.0,42436.89,13968.0,91561.0,11486.63,5037.0,10413.0,7313.882,59609.0,6415.0,7038539.0,201236.0,96734.0,10339.2,25059.0,13823.0,95024.0,11136.14,1333037.0,109557.0,15842.0,31211.0,6424.0,163741.0,45046.0
102,copd,166942.0,148819.0,96292.0,13770.0,171838.0,15197.0,973037.0,30920.0,15465.56,34290.0,30394.0,549197.0,76868.0,35323.0,1023323.0,129016.0,182052.0,12239.0,8493.0,10839.0,100603.0,759135.0,373123.0,68171.0,6533.934,56066.0,22458.0,35088.0,3222404.0,6759.0,214602.0,621317.0,49457.09,76124.0,7875.0,245283.0,120656.0,9891.0,15230.0,6628.0,3516.0,1273.308,220165.0,229790.0,16659.78,92066.0,5793.272,12302.0,15227.0,18505.0,665764.0,4137.518,94679.0,5499.0,95524.0,11316.43,102930.0,3240.0,6526.218,18851.55,17614.0,24939.0,23393.0,7752026.0,1552724.0,457903.0,8011.0,48114.0,1657.937,274197.6,18590.0,710168.0,78607.0,64972.0,31344.0,17995.0,91726.0,30726.0
103,copd,574659.0,236919.0,630910.0,20503.0,664602.0,24231.0,71406.0,20186.0,4913.0,63415.28,32072.0,1603935.0,54475.0,52199.0,2299394.0,249187.0,319181.0,19357.0,24523.0,8051.0,119661.0,740089.0,623448.0,82608.0,7015.0,109876.2,27500.0,39273.0,6331252.0,10043.0,232705.0,621245.0,44815.0,52078.0,18081.0,614891.0,100140.0,24731.46,20620.0,22402.0,6084.0,2637.084,101184.0,197652.0,39743.0,74913.0,8254.0,10597.0,14643.0,21261.0,842455.0,4188.352,134990.0,5515.0,13885.0,19129.0,105402.0,2856.718,4771.627,16784.0,6261.0,3738.0,7585.0,8313235.0,80957.0,765051.0,17333.0,36040.0,1237.878,469446.0,22577.0,1042095.0,306458.0,52065.23,14119.0,6264.0,177861.0,12842.0
104,copd,227115.0,196535.0,178884.0,8293.0,887726.0,18736.0,1320179.0,41921.0,10554.0,63770.43,37159.0,894461.0,68384.0,19469.0,1478810.0,140551.0,141838.0,18008.0,20453.0,12818.0,135693.0,962416.0,368075.9,41641.0,5850.0,98806.84,26350.45,37747.0,5338040.0,10791.0,73131.0,507085.0,40255.0,27305.0,9894.112,458823.0,81955.0,25551.0,10971.0,25650.0,8053.0,5911.0,172726.0,176921.0,54394.0,108560.0,11160.0,19120.0,10072.79,31406.55,763229.0,21916.0,111175.0,8847.834,21741.0,15889.73,88599.01,12458.38,5158.0,9991.33,6784.0,11694.0,12859.0,7220152.0,1688159.0,88303.0,21525.0,8390.0,8005.0,105795.0,11470.0,992724.0,185888.0,12126.0,8353.0,19980.0,144183.0,18191.0
105,copd,201462.0,84581.0,59827.0,832.2071,170951.4,19565.69,11487.3,14771.0,4566.96,26370.0,18760.0,541331.0,39450.0,3788.056,755132.0,57476.0,92417.0,5998.0,2976.828,6663.0,60846.0,283754.0,496759.0,16496.0,2989.0,44458.0,18554.45,17576.0,3711668.0,6409.0,31291.0,256281.0,21493.0,12725.55,1733.425,194749.3,39086.0,2865.381,3057.0,1291.656,2468.077,683.6656,130744.0,77732.0,6431.0,47549.0,4697.0,3336.128,3252.853,21305.0,438191.0,10304.0,47761.0,3723.0,11328.0,5686.425,56058.0,3229.0,2570.135,5346.0,5183.0,22392.0,5326.0,4646813.0,494.6923,63126.0,10057.0,3789.0,4675.0,67126.0,6113.0,664948.0,98478.0,7510.0,9694.0,6133.743,82363.0,18862.0
106,copd,214437.0,122018.0,298211.0,3143.0,588326.0,13527.33,17416.8,12285.0,141667.1,81385.86,16598.0,433284.0,29653.0,25642.25,771796.0,120241.9,120951.1,6863.691,7297.0,7386.0,75917.0,243467.0,693320.0,27616.0,3840.51,55194.92,15742.0,26703.0,3481570.0,5254.0,42836.0,270632.0,22470.0,13842.0,3122.0,473113.0,38925.0,49830.0,5844.0,5079.0,5931.0,576.133,37746.0,113895.0,89863.0,67322.0,6346.0,2471.84,7939.0,7503.0,653084.0,7483.0,94910.0,9916.0,5533.039,13376.0,48365.0,7973.0,2159.728,8608.082,1640.258,3255.21,1449.434,4227678.0,614.2554,158369.9,7528.0,6052.0,4502.0,84957.0,4860.0,1092538.0,157983.0,5178.0,2828.304,2175.09,169966.0,14429.0
107,copd,166081.0,154513.0,248656.0,9724.0,322373.0,9096.0,334281.0,19076.0,4994.0,24444.0,24024.0,520657.0,42650.0,5442.0,722247.0,65338.0,138212.0,6970.0,3961.0,4590.0,72041.0,272100.0,272676.0,18927.29,3413.0,27174.0,9155.113,28789.24,3124018.0,7099.0,27392.67,269233.0,24455.0,14658.14,2400.442,254386.4,43871.0,16163.0,7062.0,1505.007,1695.782,3671.0,133912.0,89578.0,11679.0,37316.0,3521.0,5895.0,3972.0,9816.0,218788.0,3692.0,68603.0,3768.754,23014.0,8387.0,64357.0,4360.034,2891.0,6022.453,4746.0,9599.0,3290.0,5234313.0,112875.0,51864.0,6630.0,29245.0,1348.567,56501.0,8746.811,466588.8,78335.0,23373.0,22988.0,4316.0,84395.0,12713.0
108,copd,64467.0,89325.0,121361.5,3275.734,184350.0,6687.0,5069.662,17501.0,7983.0,42906.0,11808.0,357864.0,30312.14,30830.0,607234.0,76115.0,58466.0,10627.0,4201.0,3970.0,59182.0,531204.4,19843.52,42666.0,4027.0,20019.0,9324.0,36615.2,1654782.0,8931.0,38006.0,387480.0,27421.0,68221.0,2084.555,244790.0,84081.0,16165.0,6562.0,10841.0,1616.652,7517.0,114088.0,86105.0,4288.006,31382.0,3334.0,9799.0,9548.0,9670.0,514085.0,1775.764,38763.0,4307.0,7853.0,7828.0,14008.34,3243.0,6070.0,5742.0,4568.0,3412.0,1950.587,4005050.0,19453.0,493871.0,3683.817,27264.0,1739.793,231905.0,12435.0,445899.0,20973.0,22956.0,8209.0,5722.0,72373.0,13036.0
109,copd,464200.0,154347.0,356967.0,7052.0,683324.0,17751.0,203347.0,11834.0,99282.2,47482.26,19849.0,1204250.0,29470.0,29677.0,1973670.0,82429.85,171517.0,11448.0,4787.0,6847.0,69124.0,482062.0,413917.0,37776.0,4582.573,26867.0,9856.0,27676.0,5394619.0,7465.0,123383.0,416907.0,30439.0,62564.0,2640.0,317912.0,87565.0,32183.0,3976.0,27026.0,3562.074,2724.0,72431.0,78775.0,25810.0,45420.0,6178.0,6152.0,4426.0,15568.0,756959.0,11605.0,108120.0,5830.0,10481.0,11485.0,60562.0,4535.0,6003.0,4941.0,1462.54,2069.144,435.3537,5070394.0,167820.0,420052.0,9742.0,3417.545,4121.742,273445.0,8841.0,512646.0,232704.0,5148.0,4349.0,457.4908,128332.0,9938.0
110,copd,255101.0,247382.0,373046.0,4147.0,613159.0,14396.0,409445.0,16630.0,11064.25,83244.0,29244.0,953267.0,234.6358,46205.0,1509207.0,91709.48,247577.4,7134.238,6634.0,7520.0,87129.0,280188.0,210178.9,51706.0,3437.267,32860.64,11855.56,34347.0,4793934.0,10673.0,53623.0,476853.0,31039.0,87295.0,3479.0,547618.0,106261.0,23745.0,5100.0,16220.0,5575.0,3218.0,128346.0,99992.0,38460.0,49708.0,5097.0,4009.0,3512.0,19956.0,893845.0,10725.0,116549.0,8467.0,17664.0,10424.0,55799.0,3649.0,7916.0,4347.0,5565.0,4044.0,2827.0,4683739.0,229072.2,755727.0,11653.0,3999.0,5431.0,29419.0,9098.0,4685.913,171250.0,7458.0,16012.0,5746.0,100810.0,11706.73
111,copd,94647.0,40009.0,94738.0,3055.42,144409.7,2693.005,384710.0,15017.0,3306.0,14319.0,14349.0,211296.0,38246.0,23506.67,377930.0,91583.59,31429.0,11441.0,5676.0,4857.0,33798.0,284133.0,540548.0,24313.96,1884.538,44329.21,13567.0,8272.091,1182406.0,9017.0,60538.0,233271.0,22139.0,10724.0,7001.0,63758.0,39224.0,24507.0,10800.0,6165.0,2673.0,1089.866,76419.0,79421.0,6785.817,53751.0,7581.0,4051.0,4123.0,11653.0,553205.0,9376.0,9846.0,3155.928,6508.0,28651.0,43234.0,4296.0,2471.026,6616.0,2175.938,4296.294,5041.0,3605500.0,572008.0,61246.0,2113.392,3081.0,3997.0,65461.0,6254.0,999056.0,38120.0,4724.943,12302.0,3955.382,313038.0,8152.0
112,copd,139317.0,129956.0,177423.0,2094.231,349406.2,8869.455,457367.0,19102.0,4943.0,38088.0,23607.0,485977.0,28474.52,19589.0,860428.0,106199.5,101893.0,4987.0,15834.0,7650.0,70421.0,257305.0,106993.5,40707.0,4192.0,56837.0,19801.88,19722.0,3350202.0,8844.0,99456.0,330868.0,30138.0,27567.0,2677.368,282731.0,54600.0,3939.0,4045.0,21182.0,11064.0,845.7139,88930.0,81173.0,26125.0,56886.0,11656.0,4591.0,3727.0,13167.0,721444.0,10353.0,60477.0,6588.0,18274.0,8233.44,47887.02,4676.908,2815.0,10584.0,2980.0,10087.0,4617.0,4992469.0,219704.0,333507.0,9606.576,5715.0,15070.0,229290.0,6004.0,609354.0,155399.0,6063.0,7246.0,10801.62,66741.0,15266.0
113,copd,121274.0,129726.0,191294.0,6591.0,987046.0,9779.0,14970.0,35543.0,7651.0,61744.0,33410.0,403536.0,26537.82,62069.0,745634.0,214508.0,73804.0,11774.0,4711.0,6002.0,109307.0,476892.0,76859.51,72895.0,4577.0,38767.0,9101.0,27689.0,3117800.0,8180.0,215824.0,328339.0,23711.0,36997.74,2902.0,317051.0,57525.0,31503.0,4191.0,6551.0,12314.0,4923.0,121649.0,114769.0,77323.0,52269.0,12042.0,5685.0,4453.96,13607.0,1211246.0,9833.0,90002.0,8432.0,19792.0,12896.0,38905.15,8460.0,2731.139,4032.0,5104.0,2417.714,535.405,4652113.0,123970.0,754305.0,8005.0,7876.0,4717.0,652064.0,13155.0,655453.0,101159.0,5728.0,11681.0,1082.066,110294.0,14104.0
114,copd,64379.0,47804.0,39946.0,1436.816,157847.0,5159.0,6753.169,26973.0,5543.945,14127.42,12452.0,208979.0,37808.0,34764.01,314776.0,122481.4,43076.0,18629.0,6082.048,2112.53,54834.0,689782.0,356519.0,17287.0,5168.0,91275.23,23136.89,11376.0,1155932.0,6046.0,29088.46,235345.0,21816.0,11610.0,4049.0,146581.0,40376.0,26460.0,11406.0,1333.568,2945.0,14157.0,175577.0,20194.47,9996.0,53692.0,5692.0,5054.0,3253.0,11200.0,511734.0,5020.417,37877.0,3490.0,10418.0,19726.0,50492.0,3754.319,2431.211,5816.0,4614.0,5067.0,3611.0,3872543.0,70051.0,72773.0,5075.044,4524.0,5079.0,55418.0,5637.0,856188.0,45904.0,7838.0,5989.0,2962.0,231172.0,16024.0
115,copd,111810.0,45465.0,59981.0,2089.92,286389.0,8920.0,56737.0,9761.0,5289.0,26849.0,11086.0,381025.0,50484.0,20279.0,736928.0,48164.51,62145.0,10860.0,10282.0,4309.0,67979.0,637871.0,197814.0,33861.0,3530.0,15642.0,6170.0,147144.2,1931368.0,4314.0,16330.0,330677.0,22729.0,36466.99,2427.898,314577.0,58952.0,11694.0,6502.0,1648.434,1487.605,2989.0,147055.0,81365.0,6207.634,37198.0,2868.755,6094.931,4090.0,7528.0,510692.0,2013.332,53322.0,3986.0,9777.0,9628.0,55324.0,1177.219,2227.47,4531.707,6214.0,14925.0,2108.912,4565241.0,1070.462,192677.0,3017.567,29396.0,1058.764,114489.0,9060.0,427394.0,38725.0,21026.91,19794.0,7208.0,69315.0,14096.0
116,copd,163152.0,480440.0,48159.0,10733.0,181597.0,11541.0,77782.0,33108.0,21298.0,95576.0,45371.0,634061.0,51902.0,75879.0,1053508.0,181779.5,108241.0,21461.0,5634.395,4649.0,96891.0,744808.0,790978.0,86974.0,8662.0,54010.0,19407.0,42176.13,2817794.0,9637.0,290644.0,643804.0,39932.0,130949.0,5869.0,401592.0,149688.0,57835.0,19389.0,4287.0,6265.0,15150.0,272172.0,166280.0,21222.0,70513.0,7128.0,8374.0,8752.778,12285.0,927971.0,2979.801,111686.0,9280.0,41555.0,35441.0,64773.0,2193.411,13497.0,12447.0,10337.0,19115.0,6832.0,5432967.0,1781867.0,926935.0,10488.0,60908.0,2131.84,435894.0,18321.78,1396439.0,95174.0,42448.0,38259.0,6591.608,413475.0,23086.0
117,copd,169027.0,866328.0,57660.0,8916.604,357513.0,16526.64,11086.0,30147.0,14814.41,78250.0,39979.0,604308.0,64911.0,48917.0,1183646.0,132053.0,178684.0,14037.0,6558.0,12622.0,116027.0,916075.0,725197.0,69160.0,6391.0,43462.0,17361.0,67127.89,3611370.0,11250.0,179301.0,505327.0,40732.0,50749.0,3800.0,609138.0,94048.0,48086.0,7265.0,4091.0,6809.0,20470.0,263466.0,132731.0,47815.0,101791.0,9748.0,23624.63,5683.0,15051.0,1429707.0,8881.743,98429.0,11369.0,31282.0,17346.0,97371.0,4284.51,4519.0,9224.0,7994.0,2676.757,3666.0,8083213.0,1524.753,632316.0,15860.0,19535.0,9011.0,365358.0,12467.64,895321.0,108535.6,11180.2,29150.0,7981.0,172531.0,32266.0
118,copd,374078.0,77659.0,240937.0,12235.0,484211.0,14275.0,3803.61,21682.0,4406.0,26281.6,16095.0,413397.0,79180.0,16781.0,696256.0,145505.5,148252.0,19801.14,9394.0,16560.0,46039.0,1329392.0,362781.0,34600.0,6418.0,59785.0,31087.0,40789.59,2948591.0,8954.0,72683.0,363064.0,33436.0,15303.0,4527.0,88728.0,56052.0,74169.0,8284.0,2835.0,5348.0,1788.406,144348.0,193001.0,16157.0,102496.0,11381.0,16820.0,25432.0,23293.0,750715.0,11709.28,15369.0,6584.0,17677.0,14788.0,73333.0,7188.377,3744.0,14456.0,4747.0,7486.037,2220.112,6000367.0,2332.448,69803.0,7159.0,7734.0,9842.0,81447.0,10605.0,1032702.0,71218.0,10009.29,5458.0,8108.0,133600.0,21885.43
119,copd,132927.0,124153.0,120238.0,7225.0,527230.3,29307.15,351662.0,30119.0,7573.969,48869.0,20020.0,347425.2,75072.74,51873.0,858795.0,124289.0,88691.0,19606.0,22656.0,8919.0,88274.0,692876.0,68206.76,71895.74,8178.876,54242.0,20342.0,27881.0,3067374.0,8975.0,235198.0,557855.0,39943.0,66746.0,8349.0,389474.0,104997.0,64878.0,22666.0,1528.652,8797.0,16871.0,196443.0,180329.0,44889.0,96838.0,5489.0,14044.0,8764.534,9712.0,778775.0,3994.316,64089.0,9009.0,20183.0,22372.0,30096.12,2744.816,5337.0,14739.0,14261.0,12921.0,6481.0,5395913.0,810220.0,459714.0,6712.846,65399.0,1703.446,283817.0,20896.0,1460035.0,53330.65,46150.0,12007.0,10987.0,258573.0,30168.0
120,copd,169031.0,79462.0,83100.0,2514.0,315832.0,2531.0,71422.0,15076.0,2114.764,27586.0,10826.0,283274.0,18968.04,19291.0,436068.0,72992.0,51478.0,4510.838,1497.093,3389.0,22688.0,277007.0,140527.6,30829.0,4109.0,23941.0,9598.0,11538.0,1005132.0,3822.0,105142.0,269346.0,18097.0,51943.71,763.3093,25748.0,63450.0,4397.679,2700.0,1159.016,5188.0,1093.228,66035.0,83793.0,5372.774,26648.0,2560.098,7731.0,3202.765,5501.0,316447.0,1440.837,12191.0,4482.816,10508.0,6331.0,24107.48,924.6961,5248.0,6474.0,4227.0,5309.0,858.5648,3385833.0,328939.0,346838.0,4638.0,15262.0,1242.982,199554.0,15475.0,348070.0,521020.0,17450.0,6100.0,3687.889,73436.0,7434.0
121,copd,273477.0,74493.0,150276.0,7031.0,370788.0,2490.319,223250.0,22957.0,2317.321,33839.0,13980.0,562741.0,21362.52,9434.695,668131.0,59140.85,205513.0,9600.0,3755.0,6726.0,24594.0,381652.0,80826.85,19440.63,4302.092,23907.0,10828.16,23122.16,2389784.0,4996.0,31612.0,239809.0,23204.0,10639.12,2286.814,61419.0,36048.05,49390.0,5574.0,8145.0,2014.519,5794.0,68384.0,88761.0,7933.0,42508.0,3777.0,8326.0,6684.0,9310.0,217275.0,3045.553,13031.0,7581.0,7420.0,10873.0,35496.05,3328.0,2520.582,6453.0,3719.0,3795.0,596.5123,4784789.0,377552.0,49364.0,6587.599,34692.0,727.2068,56803.0,11807.0,607650.0,538709.0,23944.0,16654.0,1388.457,100036.0,11964.0
asthma_1,asthma,454646.8,61823.37,51512.28,7063.69,548327.8,65588.555,49010.594,116558.77,134531.27,90713.82,33585.055,524000.6,111951.5,5012.1323,851136.5,3400.3594,21695.72,6785.9556,25103.05,8285.023,11395.705,552908.5,482375.22,22120.252,2286.4668,109522.97,22172.305,49714.254,2941851.8,7407.291,10036.922,158146.42,41555.293,10963.44,1781.2598,861005.5,37360.176,90864.1,4955.8066,4532.8975,37675.78,5382.159,146996.55,68496.15,42367.133,59455.07,5586.435,7738.0977,6951.4575,29516.014,598288.25,30112.035,27078.266,612.94763,19049.434,7092.382,93508.91,10695.594,2213.9893,17157.086,2005.0647,3714.677,8239.018,5422801.5,63166.31,42471.797,14164.346,3801.6733,17671.955,159490.56,9686.124,571827.1,14781.182,5525.973,10134.675,16543.945,8161.91,17873.637
asthma_2,asthma,325151.84,29835.508,33306.496,3082.0261,275172.06,61772.508,41335.293,125216.88,92365.86,88215.34,28280.281,501780.6,94801.41,5206.4937,590050.4,2940.2551,11634.11,6129.36,22531.729,6451.0703,11627.942,533785.6,519554.9,20074.81,1997.1638,84718.47,18147.902,32912.836,1419278.0,4552.0625,8881.164,137228.94,45235.035,11337.854,1827.638,943776.2,28342.023,38078.18,4117.2295,2246.344,34886.473,2691.5383,105752.63,71494.45,22736.469,69100.68,5129.2188,4781.124,3401.474,34540.965,678775.6,23554.637,26809.742,387.71097,18716.926,7537.2524,87214.83,10203.784,1332.9739,14330.065,1666.1254,3152.6257,4279.229,5485458.0,21710.375,17326.656,10348.314,3062.897,17550.584,188472.05,7967.225,423133.4,8484.638,5013.5083,9120.061,11925.561,8788.052,13643.566
asthma_3,asthma,443651.97,102119.06,82452.77,7495.8423,510528.34,55554.49,85967.875,100511.83,269014.0,89333.98,33509.477,628309.06,106790.016,6481.1377,897142.94,10304.442,39827.207,8174.2563,22850.482,8621.237,17600.576,575229.7,517865.62,24110.197,2865.7356,98920.17,20766.482,42610.336,2780990.8,13866.845,15298.739,209491.05,39569.098,18859.773,2460.659,862166.25,46555.645,113389.21,5994.736,8273.107,32997.53,6269.529,145271.62,88841.086,46798.707,63704.21,6603.427,9330.584,9964.553,28263.816,667515.7,28339.53,48710.414,1619.8525,20568.844,8541.824,88848.34,10260.516,3172.2007,16539.834,3072.5986,5276.347,9518.744,5146326.5,159318.25,64869.133,14002.99,5012.059,16120.19,230898.05,10954.755,688722.3,35808.605,7494.2153,16983.434,14735.503,18542.002,18499.264
asthma_4,asthma,374864.38,36733.496,35746.715,4247.6353,377922.94,65828.125,35475.37,120540.555,88611.98,88301.65,31384.158,494396.47,105206.26,4877.6553,678909.7,2586.3298,14340.723,5870.7017,23224.75,6995.7886,11517.42,508850.38,465627.03,20267.352,2053.7407,96057.984,19762.475,36937.008,2130362.2,5169.9795,8973.134,138417.61,43399.863,9967.47,1673.398,894041.3,30911.56,58430.45,4214.499,2717.1042,37112.94,3578.3271,122293.51,65387.117,29317.746,64503.285,5136.878,5678.5396,4229.6665,31671.268,619533.44,26759.83,22876.027,395.8654,17549.977,6933.5786,91546.336,10724.612,1544.4429,15270.067,1707.213,2838.3906,5483.725,5685106.0,29546.887,24885.334,11511.06,3228.3457,17718.988,156863.33,8563.556,453955.78,9218.298,5134.408,8628.94,14383.21,7354.633,14766.67
asthma_5,asthma,434225.38,74786.9,62508.6,5983.1074,483717.06,58641.01,70131.89,105853.96,208391.12,90222.31,32808.152,588136.56,118374.24,6022.25,810810.7,6041.762,28409.338,7602.9546,23907.545,7953.1636,14787.904,573627.1,498190.2,24235.336,2519.6377,99147.64,21282.115,40733.88,2457696.0,10310.439,12781.203,181623.47,40739.316,15653.9375,2354.107,859255.5,39899.207,106869.27,5364.0225,5601.441,34765.625,5032.8687,138386.8,76103.13,42177.16,66651.29,6525.1587,7884.816,7618.4365,30839.178,622529.4,27829.984,38170.22,1059.4972,19525.264,8292.251,89063.914,10933.118,2484.0012,15964.523,2412.9563,5004.2603,8461.434,5437744.5,87758.11,51492.246,13243.974,4203.2793,16783.498,211668.92,9989.157,648357.44,22770.467,6429.173,13572.686,14681.755,15243.94,16769.324
asthma_6,asthma,415156.03,48964.72,42460.227,5532.0757,479544.56,66141.586,41907.004,117078.84,110690.586,91562.555,32971.617,510841.53,110068.97,4854.4287,763915.4,2820.1807,17658.904,6176.373,24241.594,7692.206,10749.499,540790.75,480508.62,21608.836,2144.2908,104748.49,21712.354,43613.65,2608836.2,6151.4146,9322.127,143710.45,42461.957,10222.573,1713.7998,860861.56,33832.34,79171.68,4516.834,3479.5334,37196.734,4489.349,133248.84,65921.37,36330.25,61915.5,5435.0693,6605.947,5289.6436,29706.646,602184.3,28969.025,24213.773,460.4849,18378.7,6875.445,92534.3,10710.608,1839.7133,16708.105,1820.9541,3331.255,6800.045,5546986.0,40831.8,33373.473,12806.853,3485.2551,17781.85,153534.8,9054.917,506410.5,10980.596,5251.626,9036.834,15673.064,7417.329,16470.662
asthma_7,asthma,432734.97,77198.24,64315.684,6385.3447,442078.22,56444.516,75357.18,105615.0,213547.88,92354.57,32679.07,582818.0,109799.7,6023.438,852923.9,6913.4844,28942.385,8132.4043,22590.273,8034.7373,14967.489,580831.8,537199.06,24077.871,2506.0667,98320.74,20447.115,38967.934,2427442.8,10376.674,12996.785,194604.4,41359.754,17353.574,2256.8325,875317.5,41363.57,97474.336,5455.575,5635.985,33684.87,4815.6396,133362.47,80668.2,40527.49,65724.695,6488.159,7807.3643,7926.8135,29446.209,661061.06,27001.656,41424.56,1102.0433,18992.291,8524.828,89314.49,10752.137,2399.8728,15541.63,2465.131,4868.453,8246.326,5313231.5,95915.68,47784.3,13386.893,4207.349,16641.521,235477.19,10519.215,702244.75,24902.023,6665.257,14462.386,14267.83,16908.89,16896.287
asthma_8,asthma,330080.28,45172.07,46998.812,3664.8254,280938.62,52352.406,77303.34,116054.07,183498.97,83412.89,27956.916,529480.56,94778.83,6576.4385,680868.7,7092.561,17492.469,8126.4863,18727.47,6893.3647,17645.463,578279.2,534993.4,24618.836,2163.2188,80147.4,18069.059,31522.158,1525950.4,7313.279,10885.856,165648.45,44190.984,17318.58,2374.0112,930994.3,31851.541,58156.375,4924.446,3349.6545,30479.78,3588.7527,112170.86,84707.13,26417.81,73474.06,6116.2046,5939.121,4898.1987,35491.18,723813.2,20360.578,43952.695,727.9425,18800.562,9269.728,82189.164,10624.893,1589.4716,13391.697,1996.1116,4841.938,5544.1045,5325603.0,44001.504,30291.223,10560.49,3663.025,16540.314,255077.88,9007.367,559465.2,18089.676,5736.274,13218.676,11736.129,17719.922,14276.207
asthma_9,asthma,425354.2,96635.336,86345.63,7330.3003,537642.1,55609.105,119458.03,107627.15,342033.3,91211.74,33539.043,593508.56,119231.586,7334.7397,903003.44,10715.85,39318.36,9822.932,22464.113,8955.178,20521.986,578871.8,544553.3,28253.977,3361.9504,97882.79,23672.596,46659.74,2622783.0,17563.38,16172.473,205346.55,39102.215,20299.105,2794.3547,812369.4,44894.312,184500.06,6204.4395,9406.289,33226.453,6848.2153,157122.95,83868.55,53244.12,64630.16,7527.7783,10059.704,11725.174,32421.727,693427.6,26365.85,60412.273,1763.4723,21436.594,9598.663,85958.09,11526.939,3999.5466,16997.246,3451.7322,6395.0713,10229.9,5279747.0,159573.06,79477.51,13635.205,5790.369,15983.642,248569.8,10750.43,747942.56,43369.254,7759.8193,19285.354,14990.226,24597.404,19513.96
asthma_10,asthma,453735.94,125635.82,102098.836,9663.53,633747.0,55598.945,113525.12,102609.766,377162.25,92423.555,33682.035,613093.0,121990.73,6886.794,949786.1,11089.746,50432.816,9063.918,22800.236,9261.167,18586.674,587384.1,535379.56,26357.24,3694.267,106927.95,22930.805,47787.91,3034887.8,19939.629,17561.14,220949.81,37982.016,19396.506,2634.9473,812037.94,51593.652,200395.03,6740.558,11317.396,33376.863,7450.9814,171224.11,94079.39,61482.902,62097.867,7324.593,11669.36,13457.726,29708.902,654144.3,28182.945,59406.355,2120.7197,21915.453,8829.617,87112.836,10958.098,4881.5103,16963.271,3988.8262,6285.877,11610.984,5083254.0,211720.2,98649.055,14583.936,6329.8154,15827.194,238822.53,11839.119,724465.7,45550.105,8865.436,19900.127,15391.847,21616.625,20579.168
asthma_11,asthma,451780.97,72846.29,57263.1,6515.932,480656.8,60071.844,61311.863,107583.27,177967.03,92567.836,33976.484,575694.3,114513.13,5455.178,852586.25,5197.831,27576.203,7270.497,23222.932,8143.0444,13760.739,556003.3,514597.66,23524.023,2409.823,101807.23,20704.062,39770.06,2597381.5,9360.128,12028.86,181520.23,40971.254,14215.03,2025.7974,865924.8,41091.72,94398.016,5374.323,5219.5015,35236.773,4904.3403,134803.88,73614.46,40209.742,64732.47,5949.823,7509.718,7508.422,29429.904,618589.25,28665.613,34738.348,879.7547,18397.805,7671.4414,91646.54,10321.477,2315.973,16314.628,2251.6958,4207.0815,7989.129,5475156.0,80520.28,47465.86,13348.381,4030.1445,16960.361,211185.83,10330.884,648519.94,20146.383,6321.866,12534.082,15195.879,12409.874,16708.553
asthma_12,asthma,421160.0,147377.55,83837.74,6346.3267,233395.22,35633.26,50632.387,75607.32,282863.62,68892.88,32223.566,815822.06,66586.04,6188.8022,836677.9,22914.508,56031.863,7324.5146,16143.807,8071.8384,22997.414,509267.5,491418.53,14951.677,2381.0127,78609.1,11361.487,21727.443,2067712.5,13843.237,20787.484,294280.53,42715.277,30198.895,2205.4978,943191.56,52860.227,19955.08,6631.5747,6832.3965,18494.041,4742.7905,119464.875,161225.55,20056.611,71993.05,5817.191,6624.0464,5696.792,24480.84,685747.7,29208.088,54948.887,2740.5208,16435.043,7814.6255,88505.94,5557.261,1796.6101,11919.415,2964.3894,3757.9658,7554.609,3805610.2,172168.75,46942.184,11460.873,4015.6877,11632.04,411361.5,16178.426,550513.25,71777.51,18442.309,25281.777,10011.221,19250.86,13744.935
asthma_13,asthma,378783.88,94610.266,82085.445,5526.171,411536.66,50022.45,109325.2,98025.34,385984.25,88881.164,32695.502,634198.56,110798.53,8169.6206,781643.8,13000.55,43404.086,9187.485,19501.555,8451.342,24283.0,601156.3,540858.8,26305.799,3060.623,91749.984,21337.51,33451.242,2119797.5,18444.652,17820.299,215764.3,39988.586,22353.688,3197.0676,820090.44,43987.1,154902.84,6242.9727,8379.644,28558.977,5730.8223,144543.58,97998.14,43214.824,70612.71,7848.306,8685.712,9196.324,31753.527,703912.7,23494.34,65904.15,1866.2441,20330.83,9864.924,82129.164,11045.037,3118.38,15068.674,3340.2554,6637.899,8909.275,5423281.0,148783.42,81717.52,11666.713,5593.227,15043.565,278214.22,10851.471,695991.7,42843.586,8563.739,21476.8,12722.87,31570.064,17097.94
asthma_14,asthma,442431.03,117514.07,104188.93,8566.259,646409.44,55753.27,133694.5,105738.164,430978.1,91321.31,32419.115,601185.8,124993.19,7756.456,920329.25,12327.128,45943.566,9593.616,24145.314,9355.58,21324.543,614458.0,542002.2,29819.361,4159.211,106612.29,25782.037,50660.453,2898926.8,21643.98,18269.865,210921.05,37898.094,20589.246,3135.6165,798280.7,48243.207,255165.86,6758.283,12803.334,33635.555,8083.0635,178645.03,89185.26,67144.29,64184.312,7860.404,12065.188,14973.603,32360.46,679758.44,27252.969,64790.87,2200.4111,23404.62,9998.191,84858.67,12997.299,5510.457,17303.137,4296.0713,7433.5137,11831.13,5271872.5,235287.9,102350.414,14622.411,6928.952,15946.345,239343.02,10883.704,765538.1,50336.93,7980.906,20515.057,15260.776,27841.924,21001.393
asthma_15,asthma,447922.88,49630.703,41301.39,6178.584,503430.6,68155.1,34274.85,115008.05,96653.625,91260.0,34054.797,527657.75,112399.02,4611.392,803668.3,2545.771,17110.566,5854.931,25800.738,7960.1855,10313.516,544715.5,472303.8,20642.402,2108.1091,109762.18,21557.416,45291.3,2951333.2,5427.7256,9308.482,145768.72,42304.832,9574.945,1608.9164,887784.94,34977.836,67519.87,4500.712,3380.4238,38036.207,4515.797,134591.3,62779.86,36989.363,59486.797,5123.683,6666.576,5561.345,28147.902,574245.0,30841.729,21806.373,410.68732,18021.32,6649.6514,95000.164,10506.377,1795.099,16637.367,1789.8398,2890.052,7042.4966,5661272.5,40539.414,33698.543,13730.886,3344.2397,17927.285,141385.69,9286.245,532282.6,9970.079,5187.2754,8469.114,16581.062,6343.7393,16597.84
asthma_16,asthma,394398.0,86499.52,79450.3,5684.2627,372384.9,48640.21,114370.43,101678.13,337124.28,86742.11,31855.871,621280.5,96841.43,7861.464,848478.5,15647.576,34529.99,9820.538,20262.049,8547.092,22168.48,584034.6,578519.7,27360.898,2799.9277,89018.07,19460.605,37260.137,2122943.5,14626.902,16258.383,221393.84,41381.29,24817.8,2955.5012,883539.5,43618.113,100356.68,5956.203,7444.426,29684.29,5675.9,135602.19,93062.17,38682.47,67650.805,7132.2646,8091.1787,9193.16,31564.79,747975.1,23421.936,64639.547,1880.0938,20769.586,10728.23,84624.2,10528.571,2744.013,15465.257,3091.866,6344.402,8908.056,5276022.5,147064.89,56104.45,12412.873,4879.682,15458.211,312175.84,10767.954,768723.56,45101.03,7740.6196,20468.715,12919.585,29335.469,17132.957
asthma_17,asthma,451162.1,63831.848,49135.332,7171.7354,526563.25,65114.047,42546.332,111390.54,127622.2,91531.45,34232.17,535047.56,115858.52,4810.4146,832000.6,3237.0332,23177.918,6331.2485,24280.521,8088.075,11531.173,550424.3,484449.3,21175.682,2241.7585,109658.06,21147.035,46092.152,2963031.2,7352.544,10094.214,157471.95,41547.773,10974.211,1685.228,864168.3,38523.44,82688.28,4919.264,4336.4185,37480.016,4976.8926,142252.81,70060.96,40458.945,59692.246,5337.7876,7604.386,6626.197,27792.016,583692.06,30272.781,25641.996,578.9821,18157.557,6835.281,93822.836,10289.551,2092.1929,16676.574,1986.8915,3359.452,7800.6963,5423954.5,59014.902,42095.234,13867.697,3721.881,17510.15,162711.9,9901.679,543410.7,14156.294,5714.091,10154.004,16064.031,7962.3354,17253.418
asthma_18,asthma,403430.6,108459.805,95021.92,7507.6494,549535.4,52945.562,129418.375,104047.11,412263.78,83582.445,31282.791,630506.2,121255.18,8135.958,802563.8,13551.424,47653.94,9174.313,22343.506,9096.07,23402.54,597170.56,517401.44,26841.168,3906.2444,98775.25,22349.18,48261.348,2587975.8,22749.67,17528.348,214626.73,38514.4,20937.943,3246.625,792424.7,45105.684,219824.47,6697.8022,11781.631,32204.412,7451.094,175405.36,94749.88,55242.59,68978.11,8132.5684,11525.282,12710.9795,33958.605,695722.25,26312.594,65241.39,2540.8784,23206.98,9691.125,81642.03,12608.645,4784.001,16680.434,3940.5664,6699.618,10842.0205,5115541.5,215762.97,93444.07,13063.498,6856.4204,15431.379,234230.94,10776.827,653395.06,49820.086,8949.435,21814.803,13808.774,29357.324,20762.535
asthma_19,asthma,444235.97,53980.387,41103.164,5948.346,476986.16,66481.016,37394.188,116067.22,104919.664,94417.69,33573.58,526414.2,116853.766,4771.685,817304.8,2626.0173,18203.535,6402.2593,24675.916,7792.822,10656.056,550687.56,492231.5,21196.168,2142.6208,107847.28,21751.932,41480.51,2639320.0,5821.2627,9506.819,149617.52,42073.254,10481.593,1666.8285,869527.56,35542.797,76026.59,4599.115,3501.975,37721.312,4318.647,131431.27,65562.47,36712.586,60487.223,5145.271,6734.625,5632.346,28685.633,581267.9,29907.602,23501.732,434.61887,18093.994,6882.861,93887.79,10891.893,1848.7845,16317.648,1822.6667,3227.0056,7068.6465,5637289.5,41178.168,35325.617,13381.222,3428.1382,17655.072,159299.31,9641.989,560376.06,11525.841,5368.2803,8974.855,15781.371,7566.261,16497.297
asthma_20,asthma,433041.56,64615.492,53804.363,6749.8833,527223.06,61484.664,53579.92,109352.664,168528.8,86908.78,32471.56,508163.88,120752.02,5222.5557,782481.75,3849.911,24813.68,6801.8535,22866.215,7820.0747,14023.692,554853.94,472432.12,22132.123,2435.8286,107420.32,21481.426,41678.664,2785074.0,9593.277,10840.098,171343.48,40747.707,12307.05,1937.7964,825819.94,38299.836,117062.53,5221.1074,4959.524,35735.89,5000.091,148458.55,78252.64,42130.387,63668.152,5933.381,8322.087,7374.927,30324.973,605753.7,28317.945,29332.447,814.34607,18589.105,7205.039,90470.65,11037.806,2412.9666,15530.1045,2162.6216,3789.3528,7811.806,5391516.5,70397.305,53634.23,13017.007,4180.9536,17010.1,187385.27,10289.546,556158.56,16186.952,6241.7554,11955.544,14720.503,10825.683,17530.914
asthma_21,asthma,470229.53,63354.68,48705.406,7164.1997,480217.84,64044.844,39327.54,108753.68,114806.79,91363.125,35262.16,564312.8,108171.8,4766.1294,877614.9,3711.2834,22702.2,6351.3706,24125.418,7943.938,10661.347,527986.5,500471.53,19901.902,2165.6252,105465.98,19673.664,42214.43,2926175.2,6397.4346,10347.82,170256.27,41939.605,11725.371,1641.6952,903892.25,39714.79,57397.145,4864.3115,3983.596,36488.918,4496.6045,127289.64,71627.05,36350.87,59626.08,5084.2686,6980.5146,6267.458,25804.738,592745.56,31115.162,25473.664,583.8872,17191.203,6890.269,95195.0,9235.399,1865.2832,16550.588,1961.8615,3168.0215,7446.349,5456661.5,58743.27,34950.83,14004.552,3460.251,17423.162,184506.67,10255.14,585746.1,14672.703,5779.037,10232.136,15867.699,7753.191,16391.809
asthma_22,asthma,411094.47,117820.27,76233.9,5995.921,293291.84,43779.504,60293.918,83883.53,288201.8,77025.26,33949.707,689249.6,84123.984,6311.111,805940.06,13949.16,46214.473,8074.4185,17777.107,8112.8003,20545.314,531056.2,506485.3,18933.852,2478.7322,85238.516,14520.469,25878.365,2085408.6,12776.584,18563.953,246912.75,41284.418,24606.645,2322.2676,887156.75,48643.28,45847.59,6401.452,6485.571,24836.697,4906.905,123701.49,127165.6,25626.996,69539.875,6139.2715,6881.5825,6668.993,25475.178,669846.1,27702.41,50002.797,1932.3112,17426.771,8178.587,88299.94,7205.67,2097.335,13242.462,2800.2292,4457.023,7842.084,4592228.5,135269.84,55199.016,11766.001,4196.017,13196.358,356492.3,13692.895,619558.56,47882.125,11915.527,22295.379,11205.132,20957.105,14824.81
asthma_23,asthma,455355.44,52046.31,43350.906,6376.4956,492093.53,66513.48,38010.63,115481.2,97969.14,92493.62,34368.57,541783.94,109407.016,4671.715,828630.7,2892.7998,18579.44,6076.785,25005.764,7646.4893,10302.745,526287.6,478441.12,20862.045,2122.0115,107491.68,20691.48,44596.266,2889082.2,5731.427,9530.926,152413.03,42459.652,10408.425,1585.0803,893259.06,36285.06,65770.875,4577.871,3453.9255,38062.613,4576.5864,132469.12,63275.664,36403.152,60353.246,5156.3745,6742.184,5604.198,28087.48,586712.5,30530.71,23373.844,476.5644,17638.193,6748.905,94739.555,10005.36,1780.7429,16891.438,1829.4631,3079.234,7225.4546,5547410.5,43555.363,32978.11,13520.515,3373.9255,17867.018,157461.98,9528.604,553884.0,11676.657,5349.393,9004.453,16280.352,6694.702,16491.75
asthma_24,asthma,316659.72,34153.613,37506.523,2973.4185,276472.5,58720.004,57834.15,121529.51,134887.64,87733.73,28924.998,517500.72,102515.93,5936.0166,584272.7,4108.9,13918.6455,6876.6587,21425.83,6511.832,14403.143,557843.2,536171.56,23297.85,2057.209,83531.3,18943.475,30237.47,1385978.6,5759.4756,9797.921,150965.11,44492.516,13781.933,2232.639,926227.06,29050.951,54609.953,4450.569,2639.929,33000.496,2951.8286,109579.14,73095.0,25786.498,71877.57,5927.1514,5107.9653,3930.072,36470.543,701552.06,21919.775,35208.527,510.90427,19285.602,8372.397,82652.58,11197.535,1428.8036,13656.05,1769.4972,4083.1506,4818.371,5578319.5,28239.791,23111.006,9976.858,3253.5132,17164.664,203626.97,8162.103,493743.1,11371.813,5237.9434,11010.352,11425.323,14156.76,13851.118
asthma_25,asthma,468269.3,118762.3,90220.875,8831.814,541910.75,53754.066,95480.85,99099.58,316576.66,93488.0,33487.246,625005.9,113668.25,6501.4683,961134.94,10519.654,43684.87,9076.349,22419.684,8743.735,17228.604,587953.4,547613.44,25483.062,3198.1445,105317.81,20934.771,40739.74,2926356.0,16155.595,17013.105,235798.7,39230.207,20490.77,2470.7974,850717.8,52073.695,145959.97,6368.2627,9399.864,31850.328,6736.414,152335.61,93454.82,52215.2,62744.273,6833.3965,10035.8545,11661.105,27825.07,667391.06,28565.684,55728.22,1931.0154,20633.508,8844.66,89040.195,10522.373,3751.1694,15863.938,3498.9202,5807.7305,10445.581,5037875.5,183373.39,77669.7,14394.971,5225.6274,15849.677,259229.02,12278.949,776475.6,41109.52,8620.579,18390.504,15021.913,19925.271,19250.87
asthma_26,asthma,466653.72,72825.63,55688.95,7005.4277,490690.16,62239.387,54717.867,109962.97,152188.38,93021.85,34773.062,584675.9,110840.59,5239.6587,903844.1,4704.584,25824.371,7171.5376,24315.676,8410.345,11951.694,542510.1,516418.25,22115.68,2327.4907,102735.49,20463.963,43975.74,2801394.5,7871.4814,11204.729,178765.11,41221.277,13621.503,1885.9629,882229.7,40738.113,76692.0,5140.6675,4888.8535,36045.086,4922.0977,131675.78,72356.58,39972.37,61163.15,5631.3423,7594.4077,7397.5967,27798.547,614587.4,30219.861,31122.559,780.1948,18331.96,7461.966,93796.945,9981.27,2206.419,16772.664,2168.8105,3982.696,8261.091,5401798.0,77791.414,41233.195,14170.589,3792.3042,17197.533,199441.86,10230.091,655015.6,19604.227,6117.2715,11579.534,15782.228,10399.684,17059.316
asthma_27,asthma,308626.97,126258.38,90530.81,5343.4507,316298.0,39552.875,116986.17,86593.64,533338.4,79626.734,29337.934,688433.06,95698.97,9771.21,690264.6,22310.963,50334.492,9587.619,17572.186,8273.215,29871.752,640927.56,551817.75,24302.182,3067.242,86318.12,17059.904,27266.69,1579625.9,22095.621,23035.418,237434.28,40962.15,29843.832,3557.1135,824794.44,47841.52,114736.34,7060.3647,9351.988,23676.818,5663.9478,145450.89,123164.234,34294.55,73122.93,8172.8013,8374.83,8643.49,30946.932,719736.44,20887.244,80458.72,2711.0447,21665.844,10585.398,74572.2,9616.178,2914.35,13381.125,4055.3784,7958.674,8581.708,4862389.0,174019.78,86784.26,10139.108,5783.0195,12303.47,346316.56,12487.837,617281.8,67267.92,12285.267,29160.223,10861.151,45033.06,16332.355
asthma_28,asthma,438436.2,114552.81,94533.07,8264.705,523533.34,52926.65,90204.06,98944.0,297453.25,78126.03,33232.5,629351.56,102921.48,6702.5176,839480.3,13893.814,51256.043,7862.1416,22199.947,8982.709,20047.715,532403.25,469198.72,21530.746,3169.0525,94731.62,18746.846,45359.242,3003351.8,17280.81,16266.26,224017.48,39262.95,19422.943,2647.1008,844936.44,45892.152,105155.01,6359.186,10111.702,32026.717,7187.5303,165106.1,102968.28,46357.324,65281.125,7137.068,10502.019,10879.49,30405.994,659719.56,29650.973,50815.85,2366.6655,19835.287,8392.626,87997.48,9575.661,3433.9626,16700.73,3398.9634,5300.816,10384.809,4885386.5,215730.44,69820.1,13692.27,5618.461,15430.069,243826.66,11644.476,603192.94,45487.094,9115.297,20346.29,14265.058,19306.018,18460.803
asthma_29,asthma,435588.12,163912.81,153976.97,10003.128,689404.25,50847.24,193108.39,98029.28,673618.1,88115.92,32914.67,676244.2,124397.35,9930.428,991881.0,24459.809,70388.24,10843.863,24448.025,10229.803,28450.295,627905.44,547365.6,31077.617,6422.495,103008.01,24978.404,54320.117,3054431.2,34150.695,27076.49,242867.73,36120.902,27757.229,3800.914,780889.0,56041.33,337704.28,7801.5093,21507.498,31467.863,9948.23,194073.67,105260.61,74748.15,64449.094,9160.212,14769.688,21734.693,31503.734,713409.06,26613.027,94859.57,4260.4395,25747.629,11025.936,81170.445,12587.092,8848.3,17710.672,7187.6216,8981.867,14027.025,4907195.0,438545.8,142226.64,14826.569,9796.415,14839.094,277083.53,12212.108,817864.8,88630.81,11579.248,29398.629,15065.975,41421.277,23825.16
asthma_30,asthma,455240.22,69036.54,50485.33,6829.937,505468.66,61813.344,48440.79,109460.96,151298.88,92432.22,33635.297,547602.44,118847.03,5002.0166,838866.8,3723.8835,23931.28,6858.1304,23440.795,8027.2344,12303.559,554828.75,484358.47,22200.484,2311.0696,106275.47,20671.605,41178.33,2699881.8,7763.006,10880.669,171207.06,41081.0,12251.263,1845.4264,850526.06,39292.797,89512.69,5213.057,4686.3813,36155.758,4873.823,139624.97,73293.8,39880.207,60902.203,5530.5005,7630.0986,6975.501,28096.055,594460.25,29690.379,28148.09,690.34216,18394.414,7163.69,92450.24,10266.117,2192.2522,16267.786,2062.5032,3906.6606,7855.1304,5374092.5,65628.45,46127.33,13640.432,3816.3877,17172.33,194038.98,10348.808,585260.4,16062.402,5983.7563,10927.849,15345.424,9836.981,16757.006
asthma_31,asthma,424783.44,55697.168,47924.605,5448.288,454279.88,62969.69,52339.633,113450.36,141689.36,92692.445,32513.58,520867.5,112109.74,5275.479,788874.7,3801.1853,20301.861,6849.7725,23995.168,7588.5254,12903.406,552335.44,500193.25,23560.31,2226.793,101353.35,21454.422,40423.363,2424456.0,7151.6934,10349.871,159041.02,41855.215,12317.374,1905.2234,878159.9,35679.49,88666.12,4793.277,4013.0715,36053.93,4524.4487,129106.29,68057.664,36766.668,64244.93,5699.267,6770.276,5966.3843,30824.15,620990.06,27647.732,29935.717,616.9913,18396.393,7451.6333,90949.07,10915.101,1948.2468,16300.787,1988.8694,3867.766,7274.1514,5590125.5,51464.24,39378.766,12881.833,3643.9067,17470.682,183254.23,9427.912,604295.06,14302.427,5563.089,10594.34,15026.073,10162.96,16414.441
asthma_32,asthma,425644.66,122326.664,110702.36,8436.858,625898.0,53633.062,160977.38,106287.03,497394.0,92877.41,32223.594,606669.2,129588.85,8378.326,907226.6,14272.243,53892.89,10108.109,23112.709,9643.992,23225.52,617770.8,535421.44,30033.47,4869.4175,105473.42,25280.875,52367.547,2624736.5,26277.75,19022.918,211639.69,36904.777,21758.73,3395.7747,765351.06,48839.67,314603.97,7069.438,14854.688,32536.076,8551.971,177460.61,90727.0,68758.91,65155.73,8478.256,13174.841,15698.843,33284.727,686579.94,26338.494,73629.06,2673.851,24844.48,10276.31,81512.21,12796.458,6489.649,17679.775,4939.7856,8183.373,12130.68,5136965.0,266570.2,111304.336,13924.245,8165.438,15450.8545,239505.31,10910.1455,721058.56,59244.957,9086.675,22572.514,15059.033,30574.107,21960.646
asthma_33,asthma,450665.88,66375.805,51332.082,6883.558,488829.62,63287.13,53172.836,111787.12,143342.33,93813.94,34354.168,549234.9,113803.96,5066.5747,866816.0,3837.2766,24366.469,6947.557,23424.445,7997.1597,11648.931,545878.25,509890.75,22064.031,2285.602,105310.63,20941.557,43203.312,2760516.8,7718.9795,10550.369,166598.03,40969.445,12719.765,1779.6362,855514.06,39309.14,90951.89,5064.973,4455.735,36656.64,4781.14,135809.89,70017.516,39097.65,59456.484,5558.927,7356.066,6677.1943,28129.277,605973.0,29688.05,28960.799,692.17194,18480.62,7188.3916,93167.27,10369.505,2165.14,16782.324,2073.3142,3809.293,7951.844,5450270.5,65086.773,42957.5,13623.844,3789.0,17199.695,180047.31,10089.282,619671.3,16922.97,5923.11,11235.786,15616.58,9429.267,17413.266
asthma_34,asthma,427918.22,42368.56,36430.39,4893.7944,409240.12,66295.69,30243.234,115291.86,79064.08,89951.516,33438.547,521721.78,101506.42,4599.7383,774541.0,2623.7974,14784.936,5710.8643,24125.182,7306.5938,9852.083,503241.34,470748.56,19819.25,2024.9712,99812.33,19343.842,38447.55,2497124.8,4287.504,9079.56,146057.6,43625.227,9823.635,1538.57,921585.44,33035.035,45586.645,4245.241,2649.0833,37110.914,3813.9539,115607.91,61458.477,29119.104,62948.496,4833.8364,5558.1997,4385.97,28092.152,582789.7,29511.482,20817.953,369.27292,16692.297,6716.7046,94602.234,9340.995,1485.9751,16139.368,1704.1455,2758.6213,6056.495,5684707.5,29831.596,24163.209,12761.621,3079.7212,17873.123,162608.81,9005.087,505629.0,9065.188,5102.8745,7942.169,15560.169,6130.5054,14772.802
asthma_35,asthma,462985.22,70002.83,56634.137,7472.2363,542894.25,64009.914,55591.977,112166.12,148930.19,91268.1,34631.668,557125.7,115557.27,5105.735,880034.5,4267.7705,26010.475,6968.8105,25079.564,8395.898,12402.501,542946.3,499324.34,22400.008,2372.3296,105998.41,21403.377,47311.35,3014633.8,8448.406,10881.656,168770.98,40482.684,12871.239,1860.5807,860434.3,40510.27,90945.16,5185.02,5290.307,37640.566,5359.523,141193.27,71496.4,42906.375,59254.977,5676.83,7920.6387,7816.2026,28404.896,615777.7,30429.762,30244.447,792.5051,19120.76,7273.9517,93578.92,10441.739,2454.288,17400.018,2179.7607,3848.7617,8383.854,5408652.5,78529.74,45481.434,14425.807,3985.9597,17368.111,181072.89,10037.361,625386.25,18584.834,6032.797,11773.709,16055.986,9618.498,18079.379
asthma_36,asthma,465123.7,62997.156,50570.906,7004.098,506450.12,64918.613,45149.83,112238.21,126910.234,90790.695,34221.395,559493.75,114179.484,4911.776,859447.75,3626.7173,21850.312,6563.687,25182.648,8156.317,11270.584,548446.2,486943.2,21373.79,2238.7605,107280.51,20854.932,45598.418,2959794.2,7148.525,10305.551,165858.98,41248.625,11675.14,1762.858,880946.75,38382.19,77634.65,4890.383,4329.757,37260.35,4928.7983,139600.7,68107.56,40657.19,59264.453,5483.2407,7424.3257,6840.2104,28090.889,599022.9,30955.291,26858.133,650.43225,18635.232,7094.7095,94497.23,10321.712,2088.0312,16953.79,1997.0221,3548.3533,8168.3984,5460354.0,62987.168,39501.88,14095.297,3635.2224,17545.914,171903.84,9914.503,597192.7,14818.103,5704.083,10335.584,16056.243,8225.037,17245.357
asthma_37,asthma,431853.22,55815.832,50987.82,6250.7437,477215.9,63413.598,54071.76,114446.92,133621.94,89614.914,32636.764,525467.9,108098.266,5276.1807,799503.5,4059.5994,21692.732,6760.003,24233.623,7912.6436,12390.804,528740.9,490418.2,22455.008,2254.4197,99613.69,20612.447,45262.53,2630725.2,7559.728,10227.448,164429.88,41772.26,12553.544,1865.8201,891257.75,36469.81,80530.94,4794.956,4202.0366,36939.336,4623.7686,135536.06,68769.17,38045.77,62078.99,5698.3735,7195.2793,6498.395,31787.844,634876.06,28181.14,29634.416,720.2741,18737.854,7445.3765,91817.17,10433.551,2032.8098,16442.404,2025.4642,3626.546,7415.154,5487944.0,60242.344,35970.1,13362.711,3820.3545,17472.217,177034.9,9229.486,575167.2,15400.368,5650.7764,11059.671,15037.0205,9491.882,16919.664
asthma_38,asthma,452293.75,68483.34,55726.945,6765.908,556285.9,64193.402,60324.332,112670.766,162237.52,91305.07,33311.777,540498.75,120981.31,5372.74,845454.06,4125.2124,24688.719,7115.786,25677.69,8237.114,13293.37,564311.25,489809.1,24044.008,2438.6624,106540.65,23282.695,48161.094,2889236.5,9044.435,11020.419,167085.27,40595.477,12749.064,2006.6603,857179.44,39098.367,115088.586,5112.507,5278.962,36880.08,5335.752,144596.9,68601.75,44960.535,62719.57,6059.7627,8281.853,7999.15,31049.695,616897.44,28966.547,31456.615,787.0823,19596.0,7524.404,91884.234,11435.596,2518.8845,16956.018,2200.1726,4064.0151,8475.074,5545629.5,73972.086,50216.94,14138.515,4146.334,17444.064,174322.38,9597.7295,628775.25,17299.885,5824.1064,11580.307,15671.4,10646.062,17945.166
asthma_39,asthma,465013.56,60567.562,47503.605,6821.22,536923.06,66318.9,43485.684,115498.07,120326.055,93372.49,34268.273,539908.75,119311.875,4856.164,872445.94,3104.633,20901.76,6576.1714,25716.861,8074.057,11024.96,549105.9,490448.78,22043.246,2219.641,110334.07,22329.072,47033.55,2921184.0,6729.6704,9961.665,155382.9,41280.133,11015.967,1692.3282,869994.1,37824.88,85218.91,4807.319,4147.8735,38218.13,4956.6074,138361.47,64458.906,41096.266,59507.934,5335.071,7342.279,6680.782,28790.363,584044.75,30499.184,25397.615,542.48456,18442.443,6982.178,94340.04,10801.193,2083.0823,17209.338,1951.4083,3486.8232,7926.628,5543064.0,53555.297,41171.305,14288.601,3606.8655,17749.145,164205.33,9697.865,595299.0,13971.985,5511.6177,9611.509,16490.67,7706.937,17386.277
asthma_40,asthma,446788.62,80542.19,67029.72,7202.0957,548170.44,60163.07,75053.82,106711.836,230048.06,91208.76,33874.152,589494.1,124141.99,5776.939,844891.5,5893.471,33824.816,7381.7173,23383.582,8465.791,15965.069,566339.0,504507.53,23964.24,2775.0852,107356.875,22391.246,43254.03,2783458.5,13409.502,12902.835,180658.73,39942.594,14611.636,2217.9197,822054.9,42830.863,144384.33,5743.474,6926.2725,35671.07,5768.334,153942.1,77584.34,48283.125,64618.527,6481.826,9151.308,8910.015,31061.889,619341.25,28393.002,38758.88,1139.0663,19803.277,7855.872,89812.586,11346.118,3132.4072,16785.098,2628.7197,4649.4575,8848.81,5486775.0,111241.17,67054.14,13668.955,4818.3955,16715.867,200584.34,10517.093,643692.75,25550.969,6867.0996,14673.801,15266.22,14893.346,17868.129
asthma_41,asthma,408129.9,56701.4,46382.066,5047.1147,409726.22,60548.836,55296.176,112219.445,147197.4,91889.42,32107.262,543623.9,106986.94,5514.9375,753829.06,4282.2583,20688.66,6994.6787,22707.57,7496.2114,13567.966,557493.56,528055.1,23646.773,2233.6138,97783.11,20167.828,36775.848,2233997.5,7292.942,10625.732,167059.66,42605.17,13904.78,2022.4196,887506.9,35839.168,80887.66,4843.226,4001.7795,35030.742,4283.1143,126113.77,73552.086,34608.527,66298.55,5714.9927,6733.7773,6002.8057,31272.986,653614.94,26410.725,32226.045,663.2208,18598.156,7841.255,89602.94,10949.223,1893.2032,15705.42,2001.3752,4071.0283,6592.912,5496383.0,53884.117,37422.92,12346.039,3716.3052,17210.742,198132.25,9309.752,603614.1,15455.51,5720.8403,11259.051,13943.813,11843.237,16035.548
asthma_42,asthma,382127.38,42919.83,40809.246,4011.9084,331622.47,59470.156,49645.81,115972.83,125888.164,93545.56,31676.922,538035.9,98082.69,5389.2397,741410.44,4081.8523,16236.587,6851.9844,21571.857,7136.648,12377.382,536216.06,541437.7,22625.863,2065.7246,90121.57,18425.062,31721.742,1757916.1,5527.6045,9909.945,159353.42,43588.277,12926.755,1921.2123,924729.94,32856.062,51181.0,4613.703,2868.8062,33761.492,3429.2085,107288.484,68180.414,28231.807,67466.5,5374.0215,5204.613,4257.2305,31531.066,654007.06,25272.045,31143.88,494.10773,17947.08,7838.7305,89393.375,9908.376,1508.8491,15194.792,1820.3129,3795.4783,5632.126,5605613.0,35694.242,26048.94,11287.176,3257.4236,17315.014,210728.45,9093.45,559246.25,12886.37,5365.8394,10071.717,13385.305,10816.148,14113.18
asthma_43,asthma,420917.06,53400.867,43993.996,5426.323,446553.12,64647.848,46116.164,118387.1,121272.93,91688.9,32581.445,518263.06,107816.07,5089.9604,773778.94,3302.465,18025.36,6716.8525,23955.066,7749.8564,11833.067,551265.7,487647.2,21778.588,2168.1428,102359.67,21127.615,40974.023,2329367.8,6396.2266,9825.174,155055.88,42641.164,11306.036,1804.1516,876340.06,34686.707,76396.28,4726.8823,3618.6187,36128.895,4379.1514,126432.945,67437.14,35063.08,63220.27,5400.048,6690.659,5393.527,30596.176,613097.75,28024.068,26458.451,517.8976,18281.504,7216.9355,91621.13,10780.364,1841.2328,16254.444,1877.9224,3554.738,6620.584,5584691.5,44428.953,34958.652,12829.431,3495.4995,17581.541,168988.38,9347.361,557783.7,13238.357,5392.9624,9657.838,15279.081,8896.853,16184.966
asthma_44,asthma,450474.97,57993.516,50150.855,6982.7964,582235.0,66503.33,46229.707,114448.836,124827.375,90584.42,33566.746,524980.75,116956.9,4929.7065,828436.6,3266.0947,21597.725,6358.0693,25772.309,8168.2393,11406.688,544081.6,465207.4,22078.521,2272.2708,109726.95,22455.91,50426.793,3102547.0,7592.597,9820.442,154438.1,41209.586,10580.858,1754.1669,854049.75,36969.594,98340.63,4808.7666,4486.386,38149.57,5386.385,149997.3,66796.62,42874.17,59151.797,5618.2783,7918.228,6801.138,29571.271,592325.3,30048.777,25619.508,608.5281,18977.293,6945.08,93367.56,11011.727,2215.0325,17258.547,1991.4103,3529.8862,8136.6353,5536180.0,61085.473,43053.91,14000.702,3822.644,17756.562,148282.06,9457.692,550302.44,13260.12,5483.6177,10150.054,16529.053,7853.177,17920.51
asthma_45,asthma,464906.44,74529.484,60196.51,7383.923,514146.75,61028.3,60831.082,107604.54,168153.44,92448.89,34711.605,577071.94,111658.516,5324.2603,887883.9,5162.017,28213.719,7303.5244,23584.031,8378.605,13286.132,546976.6,514249.53,23031.072,2439.7756,103708.84,20560.598,42822.883,2982949.2,9049.38,11752.869,185462.56,40499.598,14581.818,1972.9249,859157.06,42175.47,92658.38,5322.275,5571.511,36197.875,5365.377,138835.03,76092.17,41916.6,60333.383,5810.838,7954.433,8204.425,27559.861,639304.9,30055.205,33851.69,914.90936,18729.604,7496.3223,93126.3,10308.751,2498.9858,16667.441,2305.8657,4028.8118,8284.193,5379724.0,91573.625,48175.82,14169.353,4075.0278,16999.205,202744.06,10502.387,680749.2,21120.434,6441.9277,12582.8125,15384.646,11848.948,17628.105
asthma_46,asthma,449267.2,61391.133,52591.465,7102.4453,567748.8,65900.66,51297.945,114224.625,139774.73,92037.96,32951.035,521791.8,119179.586,5035.6045,816004.3,3503.1125,22561.082,6592.0566,26008.396,8057.744,12091.661,561972.0,480556.4,22747.395,2362.4983,110785.42,23164.396,49999.277,3060016.5,8330.745,10279.869,155325.6,41012.477,11373.811,1849.6171,847426.4,37580.61,109266.695,4914.6206,4904.6123,38216.22,5310.9326,151077.48,67757.75,45965.67,60079.824,5740.6133,8274.969,7493.4,29758.37,608073.8,29848.582,27555.846,663.6781,19755.076,7169.2407,92657.72,11665.196,2391.0186,17089.066,2066.6094,3662.2617,8217.793,5580285.5,67584.69,45255.746,14084.587,3996.1025,17639.094,155451.33,9569.534,587831.94,15080.588,5624.146,10387.335,16126.247,9028.476,17981.678
asthma_47,asthma,448568.97,55884.207,46310.68,6355.536,454328.22,63233.496,38885.344,109747.7,103812.914,89274.72,35005.688,541495.56,101214.04,4743.853,819232.1,3457.5244,21307.375,6138.8857,22772.316,7760.726,11385.046,515163.22,486955.47,19777.787,2130.254,101532.336,18919.086,40122.793,2889974.2,6236.1514,9983.665,171770.58,42504.04,11575.698,1595.4281,902409.94,37921.324,55069.633,4719.369,3596.5403,36372.594,4406.3833,125810.2,70606.5,32584.531,61352.59,5056.2036,6405.592,5360.4956,26895.049,609003.1,29791.502,25063.635,574.0683,16480.492,6725.6484,94886.914,9245.947,1760.9473,16077.9795,1886.5479,2977.4458,6950.119,5470186.0,50484.305,33425.746,13405.466,3391.225,17461.826,179583.14,10090.752,564628.7,13234.465,5705.8115,10099.902,15283.925,7420.53,16225.131
asthma_48,asthma,437057.16,103084.17,87180.95,8438.651,576355.2,56570.414,94338.42,102682.234,281206.0,84001.77,33167.133,594254.3,112515.1,6494.3945,875169.8,10456.6,43100.26,8057.614,22966.338,8858.038,17477.281,543264.06,498869.12,23188.824,3044.3308,100338.81,21392.46,49696.758,2987720.2,16047.996,14538.1875,201808.0,39092.883,17794.047,2442.234,837291.4,45005.2,134644.05,6193.138,8932.473,33636.062,6814.7603,162786.05,92157.46,49367.03,63242.027,7006.76,10608.586,10596.866,29735.703,639479.94,28820.75,46544.24,1886.5641,20466.98,8379.585,88085.79,10122.988,3527.5408,17240.893,3290.7073,5216.763,10652.693,5132811.5,175666.86,67251.195,14271.686,5506.304,16100.65,218652.73,10866.831,623541.5,39240.332,7937.026,18158.195,14944.814,17348.207,19454.258
asthma_49,asthma,416996.2,80406.266,71760.92,6556.4517,527054.7,57467.67,101025.125,111857.1,289046.8,94528.43,30617.652,535737.4,125344.766,6720.401,806631.06,6577.4536,30178.023,8822.464,22825.629,8302.245,17301.354,627728.2,520496.84,28208.535,3032.2036,104526.42,24435.168,43960.066,2323200.5,14193.459,13289.911,183643.39,40146.03,16076.608,2715.071,798862.7,40244.81,205008.69,5823.6167,7223.3037,33578.023,5856.199,154446.42,78408.53,52764.633,66757.65,7384.8984,9439.32,9389.005,33772.19,652643.56,25586.348,48100.992,1234.5658,21890.898,9008.028,83980.805,12990.631,3367.4678,15924.389,2792.5278,6209.9155,9210.89,5453382.0,106585.83,70898.92,13119.991,5152.148,16635.375,204472.11,10076.437,675352.5,26238.264,6561.656,15050.43,14683.992,20267.861,18659.518
asthma_50,asthma,444856.56,84929.83,71462.04,7434.5923,564570.25,59773.766,74290.6,105381.234,225345.56,88984.125,33160.23,560719.06,119848.445,5840.7583,828493.9,6542.953,33859.8,7499.487,24270.428,8317.8545,15791.7,566313.5,488715.78,24177.342,2774.4976,105565.05,22366.723,46483.09,2900258.0,12900.077,13040.645,186512.97,39975.33,15186.828,2291.8887,836130.6,42179.992,131394.98,5699.637,7161.01,35458.773,6062.069,156919.39,80274.78,48458.254,63737.086,6465.406,9207.288,9479.443,30014.197,629542.56,28880.924,38872.79,1246.4119,20283.46,7969.738,89417.6,10848.323,3070.8345,16721.758,2657.9033,4841.2026,9439.794,5342874.5,116909.12,63508.566,13862.855,4863.6836,16652.477,198502.98,10385.913,629896.3,25964.213,6780.31,14796.753,15326.516,14744.498,18455.268
bronchi_1,bronchi,275756.6,325254.25,118214.54,5133.0713,178352.88,16644.688,110364.46,70145.43,855616.0,52904.85,27371.63,1061351.8,53356.63,12395.98,872866.1,119015.484,113831.28,8650.505,14716.516,9506.165,68090.51,548124.7,499881.97,13182.47,3437.5654,63919.95,9763.521,20189.08,1534272.5,34815.36,56959.29,384303.22,44120.734,62048.477,4163.9683,979979.75,58318.484,13008.949,9083.467,20248.018,8051.86,8037.011,159648.62,219775.33,16780.781,85029.016,9275.716,8284.039,7749.8145,32504.045,883654.8,24493.082,159006.0,9700.1,22342.574,11336.261,65404.207,5162.6235,2311.4622,9214.711,7827.6787,5543.931,8343.066,2350442.0,435062.88,91810.9,9942.79,6610.986,4981.1284,579081.9,19010.455,453758.78,280281.3,41179.215,70907.72,6137.437,58651.773,14846.246
bronchi_2,bronchi,284108.16,290890.4,126133.85,5360.818,216243.72,20269.268,139822.27,73397.336,898211.75,58041.062,26636.521,969623.94,59492.832,13778.113,836699.44,103123.445,106172.27,9907.479,14792.542,9390.875,60423.582,599587.8,537234.75,16962.46,3829.4805,67856.445,10876.733,22086.285,1642897.5,34482.242,51274.496,363223.0,42621.33,60233.68,4303.2646,933058.56,58573.062,26973.113,9172.828,20299.342,10717.434,8403.594,155490.52,202645.06,21435.582,82908.0,9287.357,9226.967,9738.761,32681.994,885229.75,23329.297,160735.55,9045.572,23317.1,12414.8545,66304.266,6382.6343,3006.7092,10519.634,7910.3647,6774.7944,9066.349,2996504.2,441207.97,112212.945,10062.343,7590.8765,6572.918,536788.75,18006.28,540470.94,242988.4,34967.348,64800.504,6805.94,70426.81,16013.25
bronchi_3,bronchi,280140.75,340036.06,92485.62,4256.9575,123364.7,12762.386,78199.39,65480.875,639289.0,48718.69,28341.105,1152462.2,40201.777,10016.58,947034.6,129823.555,92313.55,7635.1987,13185.736,9070.837,69280.35,499747.5,514845.38,10179.861,2537.6882,59033.277,8311.091,15452.5205,1445742.2,25159.545,49881.07,419069.9,46097.74,65778.414,3334.6028,1037340.6,60675.754,4464.5117,8055.5625,14761.766,5069.4824,6959.67,130318.82,232446.64,9396.115,88428.73,8217.167,6430.525,5287.0566,30679.684,896613.25,24986.111,147898.8,7998.8438,19043.361,10496.276,69555.09,4066.4827,1558.6725,7670.1514,5505.9,3614.9097,6404.987,1851967.6,306164.06,58778.67,10170.53,4640.565,4262.8945,634160.0,20171.4,448318.8,274865.94,45329.336,71007.016,5057.9766,44129.703,12757.825
bronchi_4,bronchi,263117.3,270913.6,68111.04,3102.9106,97440.875,11750.527,48748.336,59662.043,489565.25,48749.707,28188.889,1106679.9,35564.484,9038.418,885735.6,92698.52,72037.66,7199.2534,10229.571,7909.1147,55543.05,500365.47,501570.84,9952.847,2143.3381,52094.082,7959.295,12943.875,1090488.5,15827.632,40720.992,402311.2,46729.836,63392.383,2720.0574,1045355.0,53436.176,3348.4648,7103.3223,8014.72,5090.266,4557.8115,114310.92,232736.03,7022.2676,88618.46,6931.686,4294.5894,3571.069,27308.354,866520.7,21488.145,114165.43,4581.5605,17174.9,9479.852,72054.96,3480.2502,1304.2742,7175.4424,3551.3115,2949.7412,4718.1274,2098124.0,168663.55,44255.227,9002.585,3781.35,4355.185,634937.06,19948.22,398046.53,186116.69,41072.2,59950.633,4478.6704,36606.62,11329.13
bronchi_5,bronchi,219606.02,190343.16,116471.46,3720.2134,173004.64,20150.85,182355.02,85148.836,1094125.1,59132.758,24042.08,887002.1,53371.133,18814.545,760959.5,122270.055,60305.793,11691.8955,14045.651,9050.511,63340.492,637121.25,622415.7,22181.84,3091.2205,62225.797,12473.988,24286.223,1168907.9,29608.156,45908.32,319293.84,44873.617,64504.26,5315.1665,987610.2,49337.64,25647.793,7634.17,14069.091,10795.193,8088.341,133027.36,176936.14,20577.75,85768.92,9569.343,7102.5806,8625.886,38813.89,994850.75,16226.086,208123.38,6321.819,25610.037,17234.111,57652.72,7238.528,2411.4556,10736.772,6403.9385,8746.395,7338.352,3583914.2,275875.06,85973.04,8874.985,6706.7925,7541.313,538885.8,14848.765,617389.06,188982.52,20258.885,65740.28,6944.3745,92411.625,15600.947
bronchi_6,bronchi,176755.08,184098.19,92702.24,2933.6448,135775.53,17397.879,182761.5,84949.93,1023994.94,54595.17,21604.826,910083.7,50138.14,18852.93,675284.94,106232.875,53202.98,11463.899,13276.154,8148.7573,64412.945,657697.56,621318.5,20737.322,2784.071,55750.652,11400.712,20991.469,870583.7,24962.07,43226.92,327900.4,45735.637,67531.89,5228.449,1006723.56,44612.34,20202.188,7329.398,11103.099,9121.269,6462.49,131507.94,183399.66,16136.788,85589.73,9380.605,6512.004,6730.2446,40164.605,993796.44,14344.079,202626.39,5624.039,25093.777,17085.521,53298.293,6895.529,2057.2139,9185.125,5407.7607,8575.042,6468.831,3216714.8,196596.25,75666.86,7897.3467,6307.475,6639.8984,575718.44,15005.266,539350.2,170934.97,21008.852,68468.54,5843.3853,89867.02,14506.295
bronchi_7,bronchi,172468.08,149412.22,107994.81,3020.4207,150252.62,18666.139,205788.88,92800.125,1308631.0,56857.906,21847.477,858444.9,57153.227,21262.418,697565.0,119900.98,51651.45,12005.8,14312.033,7958.8306,67311.43,640196.94,656627.25,23816.102,2795.4478,57532.066,12578.97,23390.734,760783.3,28127.154,47148.586,289251.75,44756.715,65946.234,5860.8154,1006913.9,42815.625,25942.674,7430.095,11633.479,11408.209,7108.848,140400.6,171612.52,19329.438,81514.92,9716.769,6652.639,7382.2393,43705.535,1016526.3,13271.548,225022.33,5860.3706,28474.701,20575.338,48679.484,7639.766,2222.367,10336.643,5805.432,10451.641,6987.043,3580097.0,207406.97,87400.36,7879.1987,6181.0405,7104.7554,578796.06,13628.571,575857.9,186852.23,17570.463,68146.25,6110.3667,108144.484,15303.827
bronchi_8,bronchi,281298.22,283449.34,82044.37,3940.611,125670.97,14932.523,61863.85,60775.332,553176.75,51485.15,28697.639,1081526.1,41215.242,9601.86,863591.6,84489.71,80160.04,7810.573,11812.1,8183.124,54139.605,540843.1,509715.66,11518.003,2348.4111,57663.055,8621.296,14533.751,1343216.4,19297.277,45799.297,381643.94,45705.03,59694.277,2893.5989,1016729.56,56385.14,5641.142,7516.225,10470.255,6484.4976,5066.643,124001.41,221224.1,9599.935,86307.3,7359.6353,5098.6396,4498.621,26423.578,860620.56,22345.414,115225.37,5093.349,18240.188,9493.8955,72954.14,3946.7327,1504.9839,8149.2695,4294.031,3642.5913,5819.9644,2427698.5,213164.45,59255.18,9473.16,4317.53,5253.891,594756.5,19472.256,449047.47,180329.45,38600.85,59551.4,5400.597,42774.867,12349.888
bronchi_9,bronchi,268528.12,320152.3,85902.94,4093.2947,121378.66,13321.329,72571.05,66706.29,617018.2,48310.363,27369.945,1129318.0,43414.29,9717.882,875888.56,113111.17,88260.64,7596.249,12550.609,8860.665,64699.35,510078.12,513854.03,10323.055,2548.4636,58122.785,8297.824,15357.871,1327903.6,23214.428,45011.812,401435.5,46048.99,65415.496,3272.2075,1028318.8,56834.78,4963.492,8104.579,13550.213,5667.1167,6315.3267,131907.77,230885.05,9386.885,88615.84,7857.37,6223.8896,5110.6445,29949.12,889114.06,23964.328,135831.33,7562.092,19207.775,10342.047,69481.96,4123.2256,1563.2206,7914.5938,5035.6846,3654.9573,6243.934,1990971.6,276258.53,56050.406,9688.701,4667.2373,4202.1763,626696.44,20028.146,414349.9,267068.8,44513.273,68231.984,4879.3535,44370.52,12617.155
bronchi_10,bronchi,285652.4,291559.66,137608.61,5033.3086,190207.19,18829.48,130276.78,68083.86,934907.4,56595.227,27235.488,997112.06,52381.395,13558.237,883106.25,118785.805,101477.98,9312.213,14986.295,9419.883,62296.99,572994.94,531509.56,15072.491,3397.16,66804.086,10455.411,21997.822,1691057.2,34484.105,52412.207,363026.5,43257.48,58976.516,4174.912,971193.6,59829.89,18861.477,8642.658,19052.352,9017.474,8200.129,153289.14,205858.05,19667.13,85504.87,9421.311,8686.536,8295.805,31409.377,881404.75,22726.602,156413.25,8565.186,22176.326,12005.314,66415.99,5909.5967,2662.2427,9886.955,7797.368,6051.686,8694.951,2746818.5,436727.38,103698.2,10401.558,6920.173,6397.033,544773.4,18266.172,544427.44,250116.88,35185.805,66020.74,6853.3364,63293.62,15228.091
bronchi_11,bronchi,185706.4,208998.0,98772.54,3030.1624,130399.86,16374.3125,171020.86,85948.555,1101489.5,54504.305,22933.982,988362.06,48510.016,18684.195,772418.8,129006.81,62225.5,10976.468,13490.541,8266.11,70191.055,630031.0,628748.75,19703.42,2688.8816,54965.863,10702.648,20055.648,910429.1,26948.451,50518.32,338381.9,45802.883,71978.25,5234.706,1025462.56,47417.234,14074.286,7631.257,12308.6045,7790.4746,6801.1523,128551.71,192650.73,15120.691,88223.88,9533.729,5984.9165,6630.3613,39235.785,1002806.3,16149.913,230301.17,6660.983,25399.164,17505.219,54767.645,6209.0786,1944.2301,9199.126,5903.341,8295.563,6330.643,2957244.0,234222.61,76509.8,7995.827,5951.3345,6071.111,593726.5,15928.258,533087.94,210366.64,24690.148,75913.28,5665.3696,88818.55,14622.934
bronchi_12,bronchi,264251.4,323870.72,76201.93,3702.8687,107844.27,12045.107,52572.645,62996.84,534930.56,45411.3,28732.518,1175217.8,39002.05,8898.334,887885.4,108168.15,90882.5,6600.297,12257.448,8572.622,66269.93,485134.34,479794.25,8859.354,2304.4678,55020.83,7807.9897,13504.16,1296534.8,21235.664,45599.867,407869.1,46719.44,62382.156,2863.752,1036025.6,56333.4,3358.515,7705.798,11496.612,4849.525,5604.6367,128800.73,238015.61,7442.122,89529.73,7560.1313,5170.9946,4085.4597,28702.375,855578.0,24864.182,123067.39,6410.379,18183.178,9082.807,70641.88,3527.4324,1364.3872,7324.1924,4337.106,3030.7554,5408.7305,1787252.6,231684.16,48835.395,9255.386,3997.9207,3726.3193,631686.44,20317.63,357091.75,241145.73,45976.0,65898.305,4583.007,37471.21,11859.29
bronchi_13,bronchi,182177.52,211414.06,62774.62,2355.0042,89630.445,13059.725,71238.836,73470.09,537496.6,45301.867,24275.4,1063775.2,38189.266,11152.638,663984.2,95907.7,56789.055,7648.562,10667.666,7491.3384,63207.38,569432.2,523969.47,11560.837,2177.9463,48571.977,8162.306,14157.37,809940.06,16186.368,35000.25,354706.28,47088.633,65270.68,3229.8098,1041352.44,45112.25,4680.2764,6787.4697,7127.027,5613.2876,4351.6743,112704.4,217719.94,7052.8647,90850.5,7351.6934,4784.4287,3601.461,31765.758,915170.7,18005.652,135309.02,4846.2686,19496.441,11233.717,62463.996,4318.7007,1362.0428,7414.0986,3439.5413,4237.6216,4428.168,2355545.0,145895.66,38344.316,7237.039,4086.0293,4613.355,609965.94,18616.89,372038.25,189103.5,34558.97,63297.688,4027.1255,49023.71,11695.088
bronchi_14,bronchi,281836.34,341466.12,88162.23,4081.8157,117887.27,12548.179,71794.984,65963.766,603761.56,48733.137,27989.904,1163830.4,38070.19,10076.812,949588.5,126207.19,87431.39,7546.815,12884.65,9120.501,66366.99,498156.34,516502.38,10043.132,2428.291,57662.51,8278.632,15014.829,1397581.8,23541.896,50076.95,417842.44,46593.016,65427.273,3180.1494,1046121.4,60176.645,3942.5276,7845.587,13210.148,4931.8965,6695.216,125806.805,234737.84,8770.885,89726.02,7949.9585,5946.397,4998.2773,31045.22,898687.1,24382.889,143205.33,7281.775,18673.016,10325.841,69885.31,3816.3887,1479.7727,7688.3037,4998.9976,3385.5537,5867.418,1857312.4,274568.0,56336.082,9971.957,4454.4575,4196.1064,638483.9,20160.717,428014.28,258497.8,44462.984,68853.72,5060.721,42709.348,12437.575
bronchi_15,bronchi,295769.44,210700.83,75643.13,4074.126,146641.38,19898.305,59883.402,67782.45,412168.66,53972.734,28089.346,954207.6,47942.875,8081.6494,735190.7,58743.285,73045.87,7322.538,11886.304,7804.0737,42925.133,541685.7,464692.75,11954.163,2378.17,63093.21,8839.848,16491.19,1413116.2,16511.207,30756.807,333060.2,44652.65,46332.133,2666.2153,961649.25,52749.402,9194.348,7372.2295,8790.376,9711.589,4874.153,124887.13,204680.58,11340.377,85114.055,6842.9263,5937.3125,4543.598,28136.895,788822.25,23835.322,81581.02,4339.299,17610.354,8586.793,74689.49,4592.324,1597.957,9524.2705,3662.2708,3683.9019,5754.3726,2902515.2,202835.03,52009.977,9015.501,4371.8286,6885.2236,504376.03,18107.232,407832.8,143921.39,31509.004,42091.023,5881.371,31793.188,12622.021
bronchi_16,bronchi,142301.03,151350.89,51752.188,1773.6932,76479.445,12302.419,69318.64,74998.61,561113.9,46513.22,23184.652,1034751.94,40011.113,12323.62,564391.1,79065.75,41801.16,7591.1265,9425.565,6548.0366,59844.266,595341.2,584557.3,12825.628,2031.1277,46114.34,8046.2036,12478.636,573457.56,12677.112,30751.545,316625.38,47650.723,63087.996,3183.684,1057687.0,38915.613,4213.8633,6106.575,4366.1733,5437.817,3490.697,102428.96,211746.6,5642.192,89547.7,7001.924,3596.7134,2740.0947,33810.375,903890.5,13934.361,131939.06,3011.9187,19324.34,11996.754,57244.95,4373.4443,1246.4546,7085.0723,2742.712,4643.504,3546.824,2681550.8,79705.625,36236.76,6302.099,3657.5151,5021.8667,613857.94,17291.105,348081.22,129213.5,26811.684,63899.984,3765.5552,51484.773,10793.202
bronchi_17,bronchi,262395.72,316553.84,116771.76,4451.2554,159537.11,15200.382,117914.37,69639.24,878989.3,52871.414,27104.545,1072151.0,46472.086,13466.356,939354.25,131546.94,99391.85,9273.924,14119.746,9398.638,69575.805,558712.44,523245.06,13748.957,3073.7004,60194.87,9568.778,19935.73,1443334.2,32709.443,56809.617,389328.9,44539.562,65569.27,4074.2905,1003508.56,57662.082,10274.237,8564.715,18320.523,7102.7573,7731.859,145507.97,219466.86,15547.623,85521.336,9326.412,7231.396,7252.111,32770.812,926716.25,22382.666,179029.39,8956.557,21961.68,12108.948,64147.785,4967.764,2074.154,8744.9375,7267.964,5351.037,7629.9014,2278963.2,378342.22,86405.46,9911.235,6174.7427,5060.7793,596069.8,18904.086,505817.78,261694.22,38967.008,73001.43,5915.1475,61368.78,14818.594
bronchi_18,bronchi,243506.7,294015.62,75325.7,3075.1194,97574.61,11229.011,68127.92,67075.38,591144.4,48524.707,27080.844,1137187.0,34256.83,10554.469,906130.75,120294.195,69053.03,7960.6436,11107.499,8376.719,64578.2,521741.47,540133.5,10476.268,2213.5354,52605.67,8086.3223,13786.705,1106990.0,19807.525,45079.867,409205.12,47263.797,68906.11,3045.1072,1054486.6,54778.066,3406.963,7374.765,9430.151,4411.018,5529.0605,110549.8,231774.08,7084.633,91145.88,7611.832,4687.584,3917.2947,29279.229,927198.2,20966.938,143001.23,5637.432,17677.176,10805.389,68290.72,3674.7751,1342.8109,7223.5586,4123.2197,3425.3433,4859.6787,1987944.8,193718.94,48166.746,8951.967,4070.4182,4252.1445,649673.0,19894.46,434821.7,218075.73,41221.33,71640.164,4568.354,47310.93,11720.361
bronchi_19,bronchi,251744.7,310800.72,92954.47,4018.0676,123037.14,13387.825,80641.22,67153.02,683014.8,48660.582,26617.168,1120715.8,42621.527,10577.156,836073.94,120644.23,88575.4,7740.5347,12734.793,8755.2295,67876.32,530551.75,505692.34,10830.558,2594.3193,58230.406,8478.278,15555.853,1293380.5,24747.992,48062.73,397811.3,45908.137,65107.67,3439.9788,1027155.94,56012.33,5633.2417,8148.1377,14052.587,5592.2466,6449.4863,135251.84,230197.58,10056.912,88373.71,8316.364,6384.5117,5083.979,30151.463,894238.0,23059.914,144195.12,7783.0317,19894.998,10716.865,65895.53,4328.2896,1638.2871,7760.5728,5471.832,4110.196,6331.8384,2067596.5,289782.97,62889.52,9342.347,4864.249,4365.0,624105.8,19800.951,428422.47,265367.03,44043.086,71061.67,4897.8135,48055.93,12840.585
bronchi_20,bronchi,217741.62,263731.94,102958.695,3519.9385,135702.12,15526.608,140320.05,77484.484,926757.1,52093.977,23785.627,1008874.56,50279.367,15212.574,791971.56,122051.07,77653.86,10239.736,13423.428,8503.518,68517.414,607378.9,571961.2,16182.661,2942.6045,57295.543,10038.466,19648.658,1092854.9,28517.701,49720.797,366912.62,45381.88,70647.945,4670.109,999816.94,50809.742,12910.581,8211.1045,14450.652,7427.615,6984.3604,138935.27,207540.86,13873.474,88020.484,9009.579,7074.3823,7000.4966,35124.74,954835.5,18907.121,185110.83,7996.3174,24710.771,14538.37,60501.496,5726.559,2057.722,8923.859,6362.4385,6773.657,6983.572,2528155.2,290297.84,78764.48,8742.636,6264.768,5126.701,601327.06,17777.32,482564.78,241284.28,32879.62,75550.63,5467.6084,75871.27,14383.951
bronchi_21,bronchi,179722.48,204643.5,68472.484,2512.0254,95042.5,13974.9795,115018.91,83338.22,686955.1,47763.164,23393.537,1026644.8,42941.23,13900.498,673467.2,111741.02,52208.93,9614.138,11336.762,7855.1367,65723.54,589493.8,586132.5,14638.997,2323.329,50777.42,8994.454,16354.02,771174.94,18889.404,37176.26,348030.1,46863.832,70698.09,4056.9631,1043115.25,43283.863,6579.1196,7256.361,8092.4937,6253.366,5377.9985,114534.305,205778.38,9220.071,88436.445,7923.94,5372.7173,4549.2446,36197.73,985194.25,16301.916,175931.9,5472.953,22127.148,14058.628,59066.62,5001.941,1478.8158,8061.504,4030.722,5534.0254,5355.2593,2575999.2,159222.8,43653.93,7633.8086,4783.119,5078.55,617555.94,17293.115,438376.38,203688.31,29210.523,69244.52,4414.552,62955.734,12447.988
bronchi_22,bronchi,223707.73,267400.97,86157.55,3268.7983,112369.77,13580.818,111615.414,74873.37,756772.5,49454.477,24441.42,1089210.4,41380.992,13398.676,842352.1,128534.13,72208.79,9197.791,12840.135,8624.161,66771.38,564015.56,574355.25,13559.038,2505.9768,52798.156,9003.406,16939.465,1000523.6,23773.592,44820.652,382558.84,46372.08,71718.85,3880.744,1047311.9,51121.867,6183.17,7715.742,11792.669,5824.7866,6352.097,125783.42,218774.5,10761.262,87216.39,8402.385,5915.2754,5356.8896,34718.203,953917.94,19513.994,183249.2,7261.1963,21649.27,13330.033,61715.848,4688.82,1613.369,8059.8955,4989.028,4982.7407,6140.2183,2196315.0,236716.48,54973.656,8600.333,5233.68,4789.858,633969.8,18593.344,457838.47,247180.1,35700.945,72605.08,4967.5034,58498.77,13262.067
bronchi_23,bronchi,244771.8,302247.6,94027.6,3689.4622,119850.87,13789.919,92878.55,70305.6,755446.25,49359.863,26599.14,1095003.8,44617.332,11514.608,821358.75,121410.12,82691.445,8439.386,12803.923,8865.682,68547.14,555212.75,523536.16,12059.535,2656.2676,58067.03,8740.594,16744.436,1248760.2,25750.004,48759.6,384541.75,45764.066,65741.02,3672.0967,1014100.1,56020.13,6867.3584,8012.1284,13230.916,5794.549,6619.1187,131617.61,222044.94,10627.255,88744.234,8412.096,6530.198,5607.6816,30456.51,909658.25,22268.814,151836.4,7452.271,20659.342,11522.164,65049.27,4578.532,1723.5652,8112.4897,5509.095,4781.6987,6253.9565,2207101.5,293227.75,63496.56,9159.16,5069.52,4404.909,612323.3,19426.705,446605.03,265335.97,41229.09,71366.9,5235.307,54257.38,12889.998
bronchi_24,bronchi,254709.62,289775.1,85391.266,3596.5378,112390.37,13456.438,97179.05,70139.375,673799.44,51531.5,26029.988,1105831.0,41829.6,11296.158,896682.94,114818.14,69769.98,9304.311,11263.559,8561.124,63815.043,563398.4,566081.44,13067.648,2519.523,55891.832,8809.792,15511.101,1208812.6,22409.473,46680.11,405406.3,46565.06,70910.35,3611.105,1038586.06,55959.027,6109.414,7863.985,11900.902,5301.4863,6104.905,120091.35,221896.62,9638.666,90132.02,7973.1426,5716.9795,5399.837,29615.914,948845.0,20715.111,154907.7,6726.4497,19281.568,11945.232,68797.44,4465.9683,1610.7188,7857.4956,4915.1357,4104.6147,5990.4287,2320012.8,247557.17,56560.645,9221.861,4825.422,4769.801,632247.44,19535.855,514509.28,242842.97,39986.477,69929.51,5030.5474,58413.906,12884.42
bronchi_25,bronchi,171180.61,141207.84,87930.99,2818.0503,143959.33,21539.535,188713.75,91058.41,919810.44,58968.887,22462.08,840558.2,55624.81,17662.832,590207.8,85072.3,49893.594,10765.617,13968.585,8045.66,58346.34,684186.75,639547.3,22683.662,2594.9265,58158.74,12201.512,22215.205,808533.3,24293.742,33525.98,269461.03,44781.64,56076.207,5121.0005,974980.8,42859.88,30358.195,6853.5205,9586.028,12065.366,6238.6597,126402.68,164698.36,17348.096,85604.734,9468.427,6471.6934,6281.9355,39647.79,957547.06,14272.294,190211.06,4250.7065,26061.498,16445.443,54661.066,7693.7095,2039.7435,10334.91,4803.171,9443.5625,5984.0483,3855266.0,158688.23,69160.92,7542.7847,5862.72,8018.257,494860.0,12845.852,519250.72,129964.44,15633.926,58697.37,6481.065,84898.875,14804.471
bronchi_26,bronchi,289029.53,348233.8,110668.79,5132.196,158977.31,15246.612,89152.53,65102.004,770697.3,51622.496,28217.668,1113594.2,49360.16,10825.488,917679.6,112586.93,110725.805,7944.598,14104.024,9467.037,65908.97,523877.97,500065.9,11417.613,3067.9094,63089.133,9010.08,17664.947,1601113.2,30063.412,54925.016,402893.7,44755.555,61813.31,3681.714,1001216.3,61074.36,8554.776,8741.874,18863.355,6818.467,7356.006,152725.36,227603.48,13671.964,85975.88,8812.686,7473.161,6839.7793,30658.658,861204.9,25328.72,146835.9,8930.266,20918.516,10384.956,69305.13,4576.542,1981.4722,8505.903,6863.825,4426.2705,7730.777,2068757.9,387521.12,80908.125,10374.522,5684.1304,4628.4863,600516.0,19806.107,447870.7,278602.84,44617.25,68159.484,5775.5225,49036.465,13924.3955
bronchi_27,bronchi,282523.6,342246.97,83204.734,4043.6077,112954.34,11834.365,62213.145,63076.19,545658.1,45941.523,29062.088,1189143.9,37348.11,8968.253,934818.6,124548.164,90136.29,6898.8584,12574.023,8891.613,68274.77,481711.0,493554.06,8991.116,2346.128,57179.805,7927.586,13955.842,1435902.4,22526.625,47201.96,424282.56,46763.67,64371.438,2933.1008,1051116.6,60239.88,3292.5776,7703.22,12603.094,4472.0796,6268.54,122367.45,237534.19,7715.4976,89940.414,7760.2266,5632.272,4343.2686,28854.752,880051.06,25229.932,132822.4,7102.8228,17631.283,9503.335,71378.164,3577.8867,1387.047,7388.568,4565.1895,3025.368,5731.22,1795366.0,250734.14,50732.504,10022.356,4114.6953,4036.8674,636829.8,20472.783,411710.1,263329.75,46609.324,67156.086,4825.2485,37362.73,12045.829
bronchi_28,bronchi,255152.3,308174.34,78040.51,3581.1484,108423.625,12074.349,55037.277,60623.96,562902.4,45565.39,28265.49,1146920.2,37836.145,9434.733,851008.25,105057.53,90552.48,6660.5327,11821.308,8375.115,64407.324,500180.72,481623.84,9213.276,2296.5542,54416.9,7963.51,13552.885,1245428.4,21492.95,45221.32,405818.4,46385.742,61966.855,2859.4043,1034027.3,55441.824,3672.6294,7663.314,10746.234,4982.9526,5425.514,128392.555,236739.58,7593.7847,88937.14,7564.457,5262.5254,3886.9897,28466.129,851672.25,23622.668,123136.89,6256.99,18535.941,9148.525,68534.77,3574.124,1390.2618,7188.526,4373.6523,3299.0088,5342.816,1881342.5,218608.9,53191.73,9060.528,4151.4927,3907.8054,624697.3,20162.848,353752.22,223844.38,44570.9,66607.49,4700.671,38362.312,11837.375
bronchi_29,bronchi,256491.42,260781.42,88334.33,3577.7646,131846.5,16145.249,103222.4,71766.336,740327.1,52963.363,26342.84,1013796.75,44492.504,12820.148,802476.3,103176.5,73824.305,9452.096,12268.043,8652.509,61057.273,587345.1,562437.7,15060.978,2628.7095,58075.45,9603.647,17721.916,1217154.9,24576.686,45972.74,368485.7,45510.94,66061.89,3777.5679,999127.44,53993.7,10646.775,7902.398,11840.495,7318.91,6353.3735,118992.53,204812.06,12454.1455,86656.86,8082.0005,6240.8657,6040.8037,30999.773,937394.9,20100.582,156262.08,6436.071,21177.018,12521.937,66685.445,5101.342,1812.4299,9202.502,5150.881,5428.7227,6198.7627,2787371.2,254958.42,67521.87,8940.278,5307.3535,5729.8115,585372.3,18068.014,526598.06,209999.34,32945.863,66035.086,5750.3105,64444.85,13458.93
bronchi_30,bronchi,301120.72,358667.0,101354.06,4807.036,143418.44,14683.53,85630.695,67031.91,698374.3,50097.023,29294.443,1152591.5,45829.793,10101.881,928844.1,120991.23,107034.94,7584.4673,14447.604,9649.978,68433.18,499131.7,495344.12,10279.426,2881.262,62726.887,8606.161,16807.322,1641802.2,29046.203,52633.043,412767.72,45281.14,62878.723,3522.2778,1014289.6,62270.33,6044.6914,8686.088,17002.559,5878.177,7211.951,144534.44,229913.48,11785.771,87950.52,8611.082,7351.5317,6238.469,30287.871,880566.0,27092.963,146560.17,9238.545,20036.934,10227.348,70772.16,4273.5386,1782.9784,8378.615,6296.6543,3921.2898,7353.4834,1902651.0,371887.94,69400.26,10288.935,5182.908,4442.765,613229.8,20018.01,434975.34,298677.5,45827.457,69799.09,5447.0703,44400.26,13360.614
bronchi_31,bronchi,168032.77,137784.66,81496.414,2571.9148,125657.984,18326.785,208694.34,94648.49,1117627.8,57919.652,21137.062,864456.06,56352.76,21087.438,618913.9,101379.25,38226.137,13226.517,13153.061,8033.2534,64898.195,677781.1,715047.0,26674.223,2564.402,55379.93,12794.941,20045.6,669588.44,24790.846,39197.14,291854.44,46511.332,69980.37,6093.9194,1021595.94,42784.086,24440.63,6914.65,8832.796,9953.335,6291.515,113113.445,162475.34,15778.123,85216.39,9123.728,5549.7207,6172.2734,43103.188,1046325.0,11540.29,241792.5,4578.6416,27298.18,21286.002,50299.266,7785.3574,1875.1874,9835.602,4748.7856,10405.393,5749.3906,3890268.2,138203.16,68596.555,7065.0728,5736.423,7381.3364,584490.0,12825.759,637589.44,141753.5,15499.159,66486.51,6003.48,111145.17,14492.967
bronchi_32,bronchi,250747.1,281702.47,105408.06,4007.0037,136882.86,15685.004,120114.94,71760.2,897994.06,53202.996,25514.928,1047635.25,47705.37,13451.39,856705.6,114706.195,79550.43,10007.681,13374.51,9020.886,65374.414,609700.5,593451.75,15677.398,2889.3381,59641.63,9754.7,18650.633,1260465.0,28512.963,52484.133,372611.75,45360.812,67889.695,4053.9006,1009695.1,56630.742,12171.319,8072.819,15234.591,7388.079,7005.086,134465.5,206146.2,13600.525,86216.29,8489.633,7233.222,7014.135,31117.822,942418.94,20076.598,166662.45,7421.171,22026.875,13412.325,65460.543,5442.7764,2080.5537,8749.896,6211.788,5995.0186,7199.816,2666023.2,307765.78,77208.8,9211.484,5958.6772,5316.3984,599624.25,18633.172,542431.2,242603.88,35670.11,70134.836,6179.333,73239.805,13816.91
bronchi_33,bronchi,283848.53,336992.53,112680.766,4574.237,140477.9,13478.0625,92632.61,65079.47,774434.4,51540.047,28225.62,1103554.0,42134.16,11051.37,940655.8,132676.36,96405.625,8456.605,13439.467,9507.702,68444.3,522966.12,508444.78,11681.39,2760.101,62248.453,9000.56,17234.738,1535660.0,28868.232,54743.77,409543.22,45416.348,64171.375,3612.492,1022308.44,61943.42,6551.497,8373.463,16342.666,5798.195,7464.083,134329.72,227562.12,12042.469,88295.46,8762.106,6909.3706,6021.4224,29963.27,894720.56,24100.521,153889.14,7966.0645,19527.184,11002.343,67345.13,4347.404,1777.2721,8104.7124,6265.6074,4315.5303,6946.6724,2042479.5,344648.56,76636.14,10402.325,5271.3867,4736.355,615986.56,19775.486,484122.84,266930.78,42993.883,70563.914,5781.2793,49937.316,13466.37
bronchi_34,bronchi,237572.72,276352.4,119753.83,3978.1748,145921.42,15966.607,141960.0,79786.695,1039114.0,53625.79,25240.334,1054444.8,46913.5,16210.394,905627.94,148889.23,85099.44,10317.689,14550.918,9349.727,71736.64,583294.75,573765.06,16460.166,2975.331,58063.07,10315.096,21874.494,1204693.4,32061.072,57042.26,368700.75,45023.652,68889.91,4792.9463,1022062.94,54781.008,11115.514,8308.626,17297.496,7628.305,8370.177,137865.06,205861.11,16201.128,85705.59,9347.437,7350.8555,7629.8623,36681.957,975208.75,20199.152,204312.12,8555.865,24318.65,15365.466,60751.434,5548.8096,2147.3665,9280.583,7300.5366,6864.8833,7598.8726,2542538.0,372505.56,82417.39,9681.58,6427.978,5291.8555,604362.4,18060.969,539927.4,278309.72,32755.68,73847.625,6195.4604,76898.76,14697.126
bronchi_35,bronchi,267749.62,281749.06,96774.92,3978.858,125473.63,14283.612,80423.45,65440.848,679084.06,52675.637,27674.895,1039943.06,40352.426,10872.524,872147.4,109816.97,78458.22,8710.334,11951.044,8479.206,62093.004,568857.56,534299.0,13100.293,2438.635,60401.42,8992.489,15727.207,1323674.8,22268.512,48769.62,370301.38,45713.605,61817.027,3294.343,1013241.0,57857.355,7120.4033,7737.2344,11801.351,6295.1606,6250.121,121296.86,217991.08,10135.084,88614.37,7933.1323,5870.3403,5075.777,27583.207,897924.5,21085.842,131948.0,5631.867,18810.19,10991.399,68081.766,4411.2837,1627.0416,8349.846,4899.1904,4343.9478,6011.5327,2538760.5,249848.42,69118.34,9455.026,4624.6636,5482.3096,594953.3,19278.023,498992.03,208006.84,37779.797,64753.68,5792.3516,52737.133,12756.373
bronchi_36,bronchi,229209.73,267057.9,90127.16,3412.914,120704.16,15121.238,87529.27,71997.86,769202.44,49887.848,26375.742,1074993.9,42349.62,13253.568,842933.75,120066.625,80101.12,8438.836,12993.058,8543.252,67251.76,543037.7,540299.25,12830.578,2464.2034,54863.867,8960.699,16926.355,1133843.2,23939.934,48025.113,355994.06,45755.0,64726.793,3779.997,1017164.9,52881.484,6767.815,7606.955,11913.826,6589.317,6312.0254,126394.29,214930.25,11238.263,88527.96,8292.071,5665.669,5186.318,32234.58,914549.5,20669.541,158247.75,6307.9556,21458.682,12449.333,64092.18,4671.585,1634.4849,8548.989,4973.592,5030.5054,5728.0464,2459413.8,261142.64,62207.668,8757.158,4889.3403,4995.4487,589589.1,18565.873,445561.9,229811.47,34829.176,68718.61,5448.687,61104.375,13018.456
bronchi_37,bronchi,288067.84,349028.78,135559.38,5569.767,194777.67,17041.098,128777.63,65782.35,920700.7,55004.984,27776.545,1062507.2,53631.47,12566.387,909283.25,125457.93,114369.62,9278.791,14692.466,9810.04,69034.6,568612.06,517239.25,14011.121,3802.072,67413.85,10095.083,20906.168,1810807.6,36126.344,59466.363,394003.25,43538.43,62871.258,4280.119,972792.75,62966.62,16956.209,9155.341,23422.404,7827.7993,8699.736,159322.48,217857.94,18334.357,86689.51,9817.036,9016.589,8942.688,30325.996,896413.44,24190.066,167099.14,10303.725,22194.652,11588.13,67401.55,5586.5195,2670.2036,9208.487,8942.681,5747.248,8947.344,2390006.8,492807.06,107569.805,10906.292,7136.218,5329.7246,577862.75,19271.016,531720.6,293228.9,42338.047,73624.336,6410.163,63901.78,15287.175
bronchi_38,bronchi,273423.22,294390.53,134139.62,5031.196,181731.55,18844.816,150854.58,76270.33,882311.9,55197.54,26440.316,1005031.3,49822.742,14305.718,857386.4,133834.9,94234.41,10240.855,14980.141,9916.299,68918.15,591396.56,533185.2,15934.871,3568.6968,64655.273,10448.049,23226.965,1553986.6,32863.87,51333.086,370114.2,43935.367,62951.957,4463.306,981041.3,59824.535,17430.662,8784.1045,20512.838,8728.226,9111.664,144961.38,204413.61,18782.035,84617.41,9506.438,9094.664,9231.418,33939.01,939307.56,22516.828,174699.56,9535.583,22658.19,13456.018,64318.336,6007.0205,2703.951,10139.335,8110.7417,6405.1445,8780.142,2714047.2,467545.56,88194.47,10600.611,7075.9497,6210.266,554403.4,18039.99,585503.8,292584.97,35497.547,66674.055,6694.242,66204.58,15795.448
bronchi_39,bronchi,280035.5,299866.03,110249.06,4732.774,168181.86,17544.848,83362.09,66438.73,744368.56,51181.812,28210.105,1051442.6,51235.438,10976.933,865541.06,99153.9,108994.305,7772.1855,14499.942,8994.471,61195.035,538336.6,466649.47,12157.848,3003.526,62023.023,9282.534,18915.21,1563737.0,28653.92,50884.707,373183.88,43781.582,56897.598,3639.47,975738.94,57552.992,11396.981,8418.166,17252.625,8599.571,6854.9575,158426.52,215320.22,15281.62,84211.31,8631.162,7584.084,6736.6587,30592.71,842436.7,24743.709,130762.734,7886.1836,21165.074,10249.09,69122.625,4881.216,2110.382,9108.663,6429.5513,4936.635,7811.709,2403106.0,373030.03,82793.19,9993.526,5719.4185,5277.381,551353.6,19060.055,436512.88,239585.48,39398.26,60994.062,6053.494,47112.57,14118.188
bronchi_40,bronchi,170890.66,82736.28,52634.36,2269.3738,130757.09,24805.69,83756.414,86064.3,379954.03,58333.05,23451.281,779575.6,56958.543,11167.447,464124.38,35992.93,34509.09,8415.478,11354.182,6695.074,38645.406,577961.5,571831.0,16776.713,2137.7058,56125.56,10551.925,17340.195,769625.3,11893.874,19512.455,239357.48,45914.49,40657.656,3414.5042,952789.8,35493.74,17490.334,5881.5034,4304.7505,13678.778,3684.0498,109449.14,157194.19,10958.599,83886.83,7096.7275,4463.3057,3502.7815,36481.49,858952.8,14357.169,96002.79,2131.529,20494.67,11299.339,63229.04,6348.334,1407.8789,10096.13,2580.3086,5711.2227,4422.624,4259384.5,68175.14,38252.816,6650.4043,3931.655,9039.838,455592.6,12457.678,388241.56,65267.453,13379.37,38771.11,5421.076,48466.395,12299.986
bronchi_41,bronchi,342006.34,275057.78,93700.85,5001.0435,159712.53,19635.756,68012.23,66006.805,489485.88,53856.473,29719.64,1030597.56,48626.016,8361.823,842897.4,73523.35,86443.24,7329.269,13610.749,8922.434,48224.945,515480.6,459660.16,11470.589,2647.197,66081.76,8989.832,18352.102,1770936.5,21580.656,37389.727,363622.3,44398.05,50588.06,2815.9893,986229.75,58485.473,8907.517,7957.986,11898.434,8860.54,5859.8145,131900.3,210572.7,13474.472,85445.71,7199.6113,7079.237,5763.2695,27751.723,809244.4,26783.412,95732.54,6112.88,17989.219,8906.33,77386.98,4744.2495,1760.4755,9715.908,4630.8833,3512.753,6884.1265,2512299.5,301981.03,59683.027,10560.698,4904.888,6417.7803,529005.7,18865.871,467142.44,203435.23,36613.57,46599.195,6198.579,32515.969,13292.207
bronchi_42,bronchi,244918.3,277496.56,80576.51,3215.45,104149.125,12295.855,73689.25,66273.875,665057.3,49316.203,26926.166,1096548.2,39717.258,10600.931,841898.44,109587.84,69590.51,8223.156,11124.35,8289.428,63514.082,541221.25,527875.25,11597.066,2339.6047,54788.29,8440.374,14235.353,1094722.0,20311.781,45782.03,400676.84,46554.71,67523.07,3264.6826,1044447.06,54371.49,4697.994,7576.889,10133.382,5173.154,5510.07,119449.54,227108.12,8248.43,89928.41,7861.02,5243.229,4456.507,29601.607,904658.06,20568.168,140223.55,6041.405,18915.006,10977.721,67235.01,4062.3547,1466.6376,7341.6655,4511.4536,3781.1023,5265.5923,2169257.5,213621.75,53637.09,9015.995,4395.328,4297.025,641261.44,19729.664,440276.6,223946.78,40767.24,69754.78,4689.58,49906.562,12038.304
bronchi_43,bronchi,221817.4,257390.95,103179.17,3610.0173,126700.266,15466.583,133680.34,76737.96,869546.0,51800.508,23893.848,1038724.7,41482.41,14890.29,803598.9,127049.84,74071.61,9666.714,14175.039,8827.557,67031.63,603114.7,570489.1,14899.654,2731.0256,56747.133,9884.758,19383.352,1095607.9,25278.297,45690.39,372523.03,45640.4,68096.88,4259.4043,1022381.75,51342.13,10049.119,7960.3936,13294.506,6833.47,6822.525,133828.31,209014.64,13321.741,86119.65,8918.291,6860.6577,6248.604,34271.543,952641.4,19246.354,186580.52,7782.415,22707.977,13835.383,60284.51,5224.343,1899.4359,8700.436,6027.9185,6174.411,6955.388,2490439.5,272252.53,66767.164,8995.234,6097.4844,5508.727,595597.0,17872.201,484212.3,239088.94,31896.178,70625.52,5426.1523,65305.21,14276.476
bronchi_44,bronchi,252831.89,252142.75,145018.69,5069.9146,233450.14,21704.379,181519.19,78869.3,1118381.6,56283.71,25687.646,901542.5,67226.11,16329.702,767052.75,117168.08,94155.195,10502.294,15631.313,9567.864,67100.05,609478.94,537232.4,19108.889,4392.5693,68973.74,12439.197,27287.666,1498791.6,39592.992,54023.883,334460.8,42255.656,58880.402,5162.004,937043.06,55051.68,42189.36,9028.602,21980.275,12333.262,9105.922,170160.19,189730.55,26183.016,83536.336,10029.961,10467.875,11050.939,37368.45,910055.1,20800.322,178587.56,9284.065,25931.164,14375.1,59567.242,7596.6885,3771.2878,11228.929,9057.811,8551.878,9889.731,3269531.0,466875.6,119616.64,10119.028,8538.417,6909.6,521648.56,16495.25,570454.1,255044.6,30068.635,66157.484,7132.3535,81678.22,17357.738
bronchi_45,bronchi,286055.9,317550.47,101281.58,4169.381,127720.66,14258.928,100618.44,67517.43,712983.75,52389.66,27356.592,1113061.0,42266.793,11323.81,975061.9,126152.78,82129.086,9273.209,12887.658,9177.577,65242.84,537299.9,554384.25,12745.19,2688.5916,59486.4,8992.068,16737.623,1427360.4,24851.318,50808.35,411061.44,46054.023,69243.01,3782.4265,1033369.44,59955.91,6442.529,8011.544,15263.562,5791.323,7231.146,128184.08,221247.11,11298.327,88349.01,8420.221,6492.571,6336.231,30213.701,943359.94,22857.662,160863.7,7858.303,19741.709,12097.501,70801.13,4566.33,1730.2487,8132.068,5879.127,4154.618,6860.0684,2252063.2,316286.66,62495.875,10304.545,5078.0625,4862.591,626283.75,19673.025,542531.9,266408.72,41358.9,69562.64,5496.7246,55779.406,13339.569
bronchi_46,bronchi,229927.77,286824.28,74247.53,3215.6829,101697.55,12538.129,74936.77,69398.945,581512.25,46678.0,26507.965,1132013.2,40833.117,10346.842,823423.0,118477.766,72915.586,8033.974,11193.232,8418.989,67371.59,532757.75,526998.6,10698.359,2357.6309,53411.44,8186.8174,14366.682,1090932.1,20395.682,41759.28,391971.25,46724.543,67800.29,3196.5742,1040643.5,53094.434,4304.6494,7555.607,10229.39,4860.978,5661.4097,118563.734,228012.7,7578.3223,90841.336,7662.631,5333.736,4338.552,29592.102,921433.1,21407.889,142167.97,6437.872,18992.275,10878.496,66870.336,4038.7073,1421.1807,7532.2676,4283.868,3702.5469,5313.2544,2132382.0,214152.88,46697.965,8764.16,4334.501,4139.998,632965.2,19700.688,415781.94,252353.45,42491.066,71217.35,4530.237,48921.78,11997.789
bronchi_47,bronchi,233958.53,221983.98,123706.484,4203.41,187391.67,19766.494,175159.73,77888.73,1057117.9,59411.812,24707.182,918787.0,59389.27,16376.752,738458.7,107698.85,75487.55,11243.7295,14239.811,9039.947,65320.0,649701.4,585124.94,19587.832,3471.011,65319.3,12321.318,22983.111,1308029.1,33356.832,48010.125,330790.94,44186.043,61441.824,5002.936,963002.8,55209.43,33529.96,8173.1714,16812.738,10141.649,7738.3223,141031.02,181251.11,20226.543,85471.4,9828.664,8381.654,8713.063,34384.895,942594.2,17536.941,177708.67,7098.9365,23995.951,15054.557,59054.754,7086.2207,2776.7695,10659.682,7180.852,8537.458,8121.2407,3489995.2,315777.75,102747.086,8941.467,7285.2334,7350.7383,534162.5,15969.85,592658.3,210061.33,26072.037,66152.586,7164.106,85019.13,15518.446
bronchi_48,bronchi,300523.1,300352.34,86417.33,4024.8706,122484.21,14144.594,63809.527,59852.94,551884.25,49840.848,29334.816,1121403.0,39710.684,9044.254,916073.44,99947.836,83685.875,7450.7896,12369.514,8723.058,59289.277,498380.66,484299.03,10288.982,2410.825,58014.016,8362.671,14796.698,1492256.5,20304.133,45366.957,399220.5,45869.03,60275.707,2928.1885,1027466.94,58573.637,4712.824,7604.053,11627.477,5937.248,5821.8228,126530.56,226876.02,9551.368,87529.016,7575.947,5537.2593,4806.953,27627.838,859547.1,24707.56,118571.625,6000.7153,17820.902,9513.089,73958.68,3931.306,1498.617,8035.159,4541.965,3260.2847,5970.479,2148837.2,256837.72,54565.047,10173.876,4305.283,4793.2544,603249.3,19933.152,445423.44,222766.66,41546.105,59305.7,5384.78,38780.887,12349.883
bronchi_49,bronchi,267307.78,336773.47,94380.1,4041.6597,124291.38,13525.264,93173.805,69067.97,670241.9,49254.08,27304.066,1134469.4,39301.11,11057.741,929566.4,127103.086,89637.58,8375.398,13576.799,9291.287,69408.625,524895.8,525811.8,11514.593,2674.101,58053.348,8682.157,16768.809,1366213.5,25788.504,50741.094,414249.44,45835.812,67859.58,3550.4197,1030974.2,59189.926,5590.457,8192.365,14802.075,5434.1587,7034.09,130895.65,226586.64,10670.677,86423.42,8341.497,6638.9946,5926.3105,30523.508,921897.1,24015.635,160199.31,8301.48,19797.812,11217.276,68186.766,4239.331,1687.0688,7875.31,5796.102,4094.9424,6767.1426,1983569.5,325082.16,57415.312,9988.373,5127.4727,4365.1274,623996.25,19747.732,483034.7,286795.28,43356.246,71130.45,5222.2183,50928.062,13099.991
bronchi_50,bronchi,302747.8,267124.06,84764.81,4600.822,158701.48,18798.975,65475.72,64452.152,540037.56,54421.97,29002.688,1019783.0,51040.402,8707.439,772596.5,67239.02,86358.6,7223.618,12626.953,8284.278,49521.91,549743.94,484425.94,11752.438,2613.6096,65500.72,8973.667,16426.902,1540649.1,21912.262,40149.562,357032.78,44803.52,50918.49,2935.8965,960536.44,57357.254,10392.732,8092.937,11699.253,8737.498,5579.0396,135088.05,211200.73,12557.061,86017.38,7430.541,6560.354,5377.2026,28238.191,809512.9,24797.078,100284.9,5583.181,18323.273,8831.83,73516.93,4751.504,1800.4908,9386.59,4498.3438,4129.5957,6360.5015,2579006.8,253739.1,70174.61,9297.279,4882.2734,6038.603,539898.3,18855.807,416274.9,173075.98,37235.934,51955.965,5702.613,38607.574,13093.803
copd_1,copd,145227.17,139690.08,70602.67,1905.7869,84743.72,14022.677,188037.7,99318.68,1085734.8,53125.582,19822.457,968640.6,38914.2,20852.709,729441.4,130148.375,29970.012,13580.921,11063.062,7527.3335,72075.984,663691.06,739492.2,24901.953,2185.0522,47126.93,10658.37,17313.58,494118.1,17130.367,41533.39,316882.7,48097.746,80984.77,5819.8755,1085662.0,39869.85,7570.3994,6273.963,6757.266,6408.0874,5711.7603,99302.83,174125.64,10766.403,87042.22,8472.413,4118.829,4810.9585,43454.297,1122870.9,10495.051,272797.5,3869.7332,25669.54,23625.086,49931.4,6129.611,1430.1141,8373.846,3830.443,8018.595,4639.798,3243943.0,104425.586,46370.312,7099.447,4464.765,6258.654,651348.4,14008.975,624263.5,159772.94,16137.963,74423.266,4833.2354,104773.08,12804.724
copd_2,copd,238435.23,237939.22,132734.2,4317.366,173743.56,17150.176,189507.48,77729.62,1294084.8,61570.562,24026.926,909317.06,56731.914,17297.328,838932.25,119971.8,73540.88,11627.515,13951.078,9116.228,67063.03,657249.44,619747.6,21776.127,3517.2195,65492.164,12408.651,22592.436,1133612.4,35331.516,57700.887,360172.2,43791.5,67202.836,5401.66,990067.5,54563.69,30220.617,8701.827,18456.355,9248.227,8136.161,143907.2,192119.75,21290.04,82129.055,9668.152,8564.163,9224.507,35719.414,957244.9,17214.25,206250.22,7985.4517,25859.23,16905.113,56659.082,7078.3096,2905.0388,9724.834,8353.592,8809.175,8428.994,3097010.2,356127.25,110427.78,9512.52,7546.968,6649.301,592822.0,16600.34,622486.1,227565.19,28163.125,73651.65,6491.1455,93143.27,15835.348
copd_3,copd,220916.36,252623.53,106436.0,3716.1572,133179.86,16273.705,149349.66,77954.02,989346.25,52870.656,24425.395,990734.2,45809.645,15791.995,818386.3,129841.586,71055.72,10997.102,13185.951,8950.782,69035.42,614902.75,587012.6,17565.676,2897.469,56802.145,10284.13,20275.7,1119243.9,28172.674,50736.285,366918.7,45321.18,70323.86,4649.0435,1014986.6,53070.977,13618.2295,8058.963,14570.868,7528.6006,7479.358,131335.5,199737.98,14321.208,86563.21,8953.385,7259.046,7402.847,34925.44,985827.2,17855.828,193294.66,7544.8765,23184.271,15393.537,59738.727,5778.813,2101.3884,8983.74,6379.0435,6621.364,7087.025,2791953.5,299486.53,73074.78,9097.091,6281.7925,5643.125,597817.3,17718.873,551378.44,249897.08,31208.543,72092.31,5859.945,81454.805,14480.846
copd_4,copd,161002.33,146111.7,91587.93,2529.3042,128412.02,17923.377,246130.98,96366.21,1272196.8,59402.84,20487.15,882609.44,52078.965,22919.936,688145.4,116201.45,40185.34,13477.616,13328.017,7820.8765,69238.9,699732.3,716760.6,27900.797,2595.0027,53749.81,12695.909,21516.943,670803.7,25485.809,44356.023,297527.9,46278.574,74073.875,6481.2314,1035830.5,42007.29,22325.863,6987.7627,9832.172,9583.96,6573.272,120040.36,163832.86,18005.64,85347.99,9813.283,5394.237,6904.545,44183.72,1085553.6,11704.534,275391.25,4966.1396,28237.234,22605.281,48770.383,7856.715,1947.7877,9706.93,5266.4,10919.217,6103.4893,3695548.8,159911.77,73913.47,7648.3975,5838.8843,7521.503,591747.44,12806.226,641216.8,157552.05,15213.408,71332.945,5736.294,118240.016,15077.627
copd_5,copd,252284.88,299458.0,136513.61,4521.0957,156669.42,15498.327,174224.83,77708.625,1129457.6,54324.656,24975.184,1045689.75,42944.93,17203.83,948799.94,166747.02,88946.59,11061.063,14636.402,10075.606,74788.3,600166.5,595077.1,17970.55,3179.114,59208.25,10813.328,22769.355,1329657.9,35070.383,58910.11,388692.12,44919.254,70554.2,4906.32,1037028.8,58403.88,12490.357,8408.105,19052.502,6871.0737,9340.7,135948.52,209001.14,18975.303,86754.836,9808.548,7776.19,8531.722,37254.914,1001067.94,19929.916,234552.7,9496.522,23837.406,16045.684,58978.52,5739.2812,2304.8545,9024.147,8408.75,6633.7754,8110.85,2501607.0,397760.5,89706.58,10426.234,6813.9766,5899.7275,599879.6,17843.676,607747.06,276926.1,32830.465,76997.3,6425.902,77814.55,15608.889
copd_6,copd,144065.88,109723.914,70352.63,1986.1375,97218.99,16046.229,201198.69,101253.23,1044714.1,56165.03,19569.125,858084.75,43556.535,21662.873,651048.0,106455.89,26479.377,14071.402,11537.818,7209.9956,63634.9,703845.1,748082.94,27602.812,2230.5652,49153.902,12068.49,18823.238,500608.34,17867.379,36162.297,295993.0,47538.71,75264.055,6026.5,1063279.2,38430.176,13048.754,5963.871,6019.1904,8476.417,5331.3257,101478.39,160621.62,12339.483,84061.23,8326.234,4284.047,4799.448,43649.836,1117431.1,9321.48,254736.39,3370.3567,25610.855,23492.338,47713.473,7047.928,1496.0253,8742.296,3662.276,9830.439,4610.0464,3724149.2,95619.57,48080.195,6792.74,4661.6836,7445.2847,616419.06,12677.885,648105.2,123157.54,13117.117,63947.008,5214.5947,114729.57,13287.191
copd_7,copd,122411.22,81283.48,57125.29,1620.801,92466.016,17256.293,206826.55,105550.95,876353.1,57146.082,18733.1,793859.3,49569.098,20295.49,535938.0,82078.984,20257.287,12895.85,10782.412,6423.6577,60887.973,739798.75,748375.1,28152.191,2126.1055,46532.348,12047.824,17253.633,425195.34,15316.421,28078.707,251490.48,47844.652,70050.04,5860.58,1057877.4,33368.27,14252.8,5567.076,4139.6313,9303.815,4167.011,96372.13,153929.81,10555.077,86195.29,8257.575,3751.1382,3884.2622,45302.55,1101144.9,8220.789,237898.53,2447.674,25062.44,22479.54,46854.957,7848.616,1364.0846,8457.529,3054.0894,9993.278,3921.1565,4150508.8,62181.145,41431.11,6152.7783,4245.654,8119.3057,592084.8,10885.368,569940.5,84416.055,10170.3955,59224.85,4844.165,110719.92,12588.303
copd_8,copd,224769.02,196560.89,142432.73,3912.537,187996.84,20108.453,277369.8,92623.76,1498369.4,61770.88,23983.238,912870.0,57724.207,23306.379,838023.6,151790.17,65476.094,14283.081,16079.272,9609.583,72426.73,642982.7,670981.8,27276.643,3795.1328,62980.24,14080.3955,30143.559,1162053.8,37406.25,55297.902,327080.9,44109.984,70009.8,6815.9272,999186.25,50968.316,36172.273,8047.0195,19074.648,11646.625,9849.216,144650.78,166716.66,27300.934,83363.42,10654.8125,8754.074,11850.095,43115.523,1047273.1,16266.355,270182.22,8753.457,29495.178,22139.818,54293.64,8524.495,3214.479,11142.411,8493.175,11404.204,8979.324,3617243.0,378048.03,105564.305,9410.116,8090.0483,7819.327,560656.56,14274.176,727802.5,245702.11,19756.432,72779.6,7436.4,120880.5,17484.934
copd_9,copd,181285.33,153457.33,78087.04,2405.4744,106948.93,15917.614,152808.47,84740.7,827981.75,56048.64,21958.516,943217.06,41751.004,17285.258,722298.56,105365.945,41370.957,11002.67,11698.044,7434.344,61512.473,640817.6,646906.4,20581.574,2317.0215,52128.52,10452.672,17571.797,746902.06,18293.164,41029.44,328749.78,46736.883,69841.32,4737.7827,1052059.8,42893.44,9999.484,6624.0117,7840.296,7557.624,5505.019,108148.24,183913.27,11913.261,85815.47,8301.17,4782.0205,5000.8745,38219.242,1028621.25,13630.492,207869.72,4361.98,22782.678,17572.08,56120.043,5834.4585,1550.2976,8594.087,4116.1025,7154.62,5298.608,3251029.8,141736.38,54478.617,7624.8384,4782.3306,6997.1914,606234.75,15004.82,568156.6,154081.14,19523.982,65585.38,5132.7324,79896.13,13264.908
copd_10,copd,126271.15,99238.3,70548.125,1864.6224,104150.11,18357.873,209961.4,105712.805,1094265.8,57104.13,19720.725,835991.25,49268.246,22506.344,575596.9,93465.74,27295.738,12881.232,12302.625,7275.733,63457.992,703893.06,735727.25,26832.863,2240.499,48928.85,12444.435,19383.713,461644.84,18040.682,34047.43,259484.39,46994.957,68676.9,6064.671,1055672.0,35636.895,16202.972,6043.666,5751.9673,10263.151,4785.6177,110031.43,157523.69,13202.658,83589.99,8908.971,4345.4546,4570.7905,47414.22,1101763.2,9346.298,248740.4,3329.6887,26687.703,22786.703,44681.832,7711.861,1517.9507,9231.592,3643.3948,9994.354,4837.88,3944541.2,85244.35,52852.945,6824.6636,4662.132,8125.206,590297.75,11264.814,592349.1,112184.42,11504.402,63980.98,5286.4546,114266.45,13673.212
copd_11,copd,177038.48,99351.555,72233.055,2300.8843,122472.04,20148.572,210672.27,100361.07,926807.1,64795.438,21916.81,768769.6,53945.65,18958.123,647144.1,84603.94,26630.922,13610.11,12144.156,7469.485,56570.426,690045.25,726839.06,29899.238,2307.83,55926.8,13552.905,20086.637,615353.2,19861.154,31452.654,263690.22,46667.387,65130.535,5574.2134,1028798.94,39239.74,22189.406,6277.808,6254.8164,10727.463,5549.79,97047.04,145348.14,14796.304,85141.375,8274.767,4678.7954,5013.1787,42369.48,1089558.0,10279.609,225845.97,3006.6199,24324.18,20881.857,53504.113,7911.4116,1605.1149,10244.469,3750.478,9813.717,5072.736,4313508.0,99151.63,56897.965,7077.399,4888.749,9242.517,569974.0,11496.695,703137.75,97821.05,11249.258,56152.957,6266.5273,100959.664,13815.159
copd_12,copd,159344.9,83156.93,57789.98,2027.8555,119943.79,22178.43,119267.83,90354.42,577480.56,57546.445,22528.936,761281.75,58410.652,14073.4795,467452.88,49602.97,30634.906,9686.976,11684.71,6797.9653,47789.598,636450.4,607626.6,21410.547,2156.992,54504.707,11485.63,17231.629,635870.9,14445.507,24018.973,238610.31,46471.637,48978.9,4214.7764,974306.3,35372.98,19833.555,5965.307,4568.7417,12246.103,3916.8574,105745.03,149125.53,11645.364,86321.21,7839.036,4204.249,3761.8198,38824.223,921419.1,11918.89,129637.28,2273.5896,21524.219,14135.626,57508.047,6931.2866,1422.8286,9618.904,2874.1436,7633.2954,4438.8994,4466340.0,69000.87,45336.195,6462.1685,4255.6284,8582.718,496713.1,11615.553,457006.03,70866.92,11860.368,47070.2,5736.3174,66745.586,12391.403
copd_13,copd,162193.9,124290.69,81266.03,2454.849,122038.34,18138.645,233529.06,98679.27,1102415.1,58370.61,20093.686,807646.4,51740.867,21066.15,636809.5,103680.47,32370.318,14101.549,12005.633,7738.3247,63063.465,695028.4,720923.44,27685.768,2527.9275,54637.21,13018.081,21892.693,643483.6,21900.707,36751.695,290380.94,46448.562,71306.26,6230.826,1022348.44,38853.305,23445.434,6766.0537,8309.717,10498.072,6399.402,115778.57,159656.12,15800.576,83817.49,9161.32,5546.215,6533.3257,44161.89,1087228.2,10879.45,241495.47,4500.2495,26748.184,22480.256,49215.016,8224.673,1841.4261,9734.411,4507.186,10331.975,5862.598,3866841.5,137948.48,62004.707,7603.9536,5628.6313,7848.602,589002.75,12530.467,647744.0,138688.45,13750.611,66410.484,5725.2847,114992.27,14626.575
copd_14,copd,140201.84,143053.0,68007.41,2072.1582,93244.32,14747.531,161599.8,91807.41,978175.44,52494.043,20470.62,913320.06,43678.94,19016.832,607310.25,106830.586,34962.39,11660.785,10829.897,7493.8047,68175.875,676925.1,701189.56,21971.826,2223.9597,49593.992,10633.067,16713.838,544095.94,18622.604,37057.465,307391.97,47386.594,71272.63,5058.61,1051272.4,40179.17,10903.516,6558.457,6405.056,7264.6895,5254.849,106190.13,178636.67,9704.517,87180.38,8129.467,4527.2656,4384.756,41358.77,1037841.5,10779.8955,225193.95,3733.8518,24570.236,19314.816,50284.363,5991.747,1495.5127,8470.314,3829.3843,8306.421,4647.133,3397148.5,104077.1,53997.055,6951.9673,4700.683,6107.3853,619396.4,14129.527,537647.25,140499.48,17386.375,71619.305,4960.6187,94856.695,12740.013
copd_15,copd,143479.38,143869.61,73561.83,2186.6487,97086.71,15371.658,191795.58,99032.98,1043889.2,50089.637,19947.67,917411.0,42572.13,20575.494,625717.44,128719.99,39247.363,12163.403,12448.082,7659.6885,72086.65,675281.94,687081.0,22899.984,2319.1853,48712.586,10884.967,19388.074,542525.25,21411.365,39727.484,298415.62,47326.957,74815.56,5544.2896,1058581.5,41189.395,11353.414,6654.471,7521.101,7715.982,6197.932,109717.984,177599.2,12508.22,87502.266,8630.041,5008.328,5092.712,44118.84,1071613.4,11826.092,257683.0,4422.059,26949.637,21238.156,48092.145,6418.506,1588.7069,8910.739,4284.732,9230.407,4878.184,3192610.5,131670.84,50968.984,6873.2646,5051.292,6028.32,601015.7,13725.5205,533689.94,169654.47,17559.36,72000.35,5036.8076,101339.72,13559.058
copd_16,copd,122201.62,35626.008,33396.773,1207.2894,82040.57,25344.375,119309.2,117575.97,374032.03,65388.02,20857.076,696922.1,53207.234,13477.465,461698.66,25123.969,11156.596,10074.398,11184.82,5673.361,33469.48,693277.9,679242.1,25446.842,1950.3418,46143.215,12170.49,14971.814,344244.88,7164.591,14205.092,176215.75,48346.86,44310.84,3779.3176,1044028.6,26079.459,10574.465,4393.8896,1882.77,12653.18,2166.0962,77093.03,128789.984,7876.708,84798.68,6573.666,2593.342,2229.4875,42512.223,1012163.8,8231.898,125300.13,843.3934,20286.11,15690.163,57239.316,7026.2974,1147.1187,8555.636,1902.5204,6789.9365,2490.7263,4961830.5,18091.63,20029.418,5415.9326,3073.7651,11749.729,482126.38,8199.499,462568.56,27966.512,6349.7036,32846.453,5317.4478,58696.7,11252.947
copd_17,copd,151845.22,121595.39,94411.89,2412.4048,135401.14,19935.797,307890.1,105473.61,1342230.1,59929.23,19824.506,811540.56,51979.14,24933.174,672484.0,117289.48,32834.543,14758.3955,14235.923,8009.8394,67616.54,733829.56,744807.6,32756.51,2640.0137,52655.87,14805.925,25461.81,615685.9,25271.982,39295.15,271977.66,46366.48,73820.086,7193.6587,1038210.44,38854.527,28695.123,6623.1187,9141.208,11213.233,6746.0674,118200.48,149689.77,19725.918,83075.8,9987.134,5750.424,7403.044,46940.008,1117171.2,10428.206,295247.1,4675.0283,30066.617,25030.912,44995.426,9161.979,2004.8328,10044.153,5159.348,12519.254,5949.6055,3967819.2,145472.2,62525.355,7587.1987,6182.872,8260.39,573833.2,11466.632,673558.1,144700.62,11442.946,67646.83,6341.1396,134470.03,15740.996
copd_18,copd,140287.28,129978.2,90188.85,2282.8828,120487.14,17324.102,295055.66,105376.77,1339704.2,57213.047,19665.521,864631.8,46245.914,26153.498,694276.7,143750.9,34411.324,14890.408,13414.977,8087.1274,73147.6,702254.06,744787.7,30752.28,2524.592,50632.254,13375.205,25052.87,586168.06,25539.553,42780.957,287121.3,46879.344,78628.61,6985.897,1055724.2,39201.14,18134.654,6567.9834,9161.577,9052.723,7162.3955,113459.945,159129.77,17846.535,86050.62,9732.071,5394.8047,6815.2734,48326.19,1142950.8,10514.977,323919.28,5064.908,29413.396,25518.082,43865.934,8204.036,1809.8643,9619.87,5160.1655,11649.2,5678.423,3677761.2,147732.0,59058.598,7387.676,5866.2637,7516.0317,599966.3,11846.37,659116.06,166436.14,12877.493,73691.2,5751.423,131103.52,15047.245
copd_19,copd,114122.055,66176.016,51029.355,1467.0488,90649.59,18975.17,186274.84,111005.86,776398.7,57362.24,19552.502,770148.7,48044.613,20141.904,537563.4,69345.1,17297.982,12747.804,11495.209,6705.255,55304.074,709197.7,738281.8,28140.68,2059.2695,45262.105,12316.707,18099.367,384347.7,12533.663,24211.178,223607.61,47848.164,64699.37,5680.783,1067084.4,30688.178,11705.704,5124.663,3341.4456,10693.747,3733.509,88787.77,143875.39,10441.313,83524.875,7956.3823,3302.544,3334.2388,45976.79,1101577.6,7814.427,226374.67,1977.6377,24483.676,22241.996,46936.86,7452.8325,1286.1069,8646.952,2640.009,9216.4795,3552.0593,4287933.0,45488.664,33585.207,6179.438,3863.35,9052.133,567391.6,9643.858,571898.9,69180.24,8394.969,53019.25,5304.2705,100619.26,12500.468
copd_20,copd,126560.74,38635.715,34663.387,1337.8197,85750.2,26623.703,91828.03,109702.65,309444.16,63940.574,22030.787,711150.3,50286.953,11212.618,434388.06,25441.998,13152.634,9135.646,11621.13,5740.217,31130.15,650739.0,633366.2,21819.365,1945.5978,48081.74,11235.548,14619.126,397838.16,6388.4272,13643.867,172645.31,47993.45,39353.863,3221.196,1031756.56,27628.695,9678.572,4451.1353,1932.2148,13483.124,2222.3743,80311.91,131692.38,7546.243,83848.46,6058.3003,2690.421,2188.6797,39235.37,938260.9,9325.927,101729.69,832.33563,18860.283,12870.653,60452.008,6449.861,1147.3627,8762.965,1872.8226,5826.5757,2507.628,4871816.5,20878.988,18928.06,5628.361,3040.1853,11654.616,440626.53,8819.425,435078.25,29910.354,6777.641,30056.07,5388.602,46686.566,10842.652
copd_21,copd,122182.48,92929.1,66921.664,1790.1316,104960.34,17873.46,235788.31,106890.31,1101532.5,59563.105,19213.098,813071.94,53399.734,22919.977,570094.3,95162.47,24490.19,13577.539,12010.529,7103.373,64321.133,725923.1,756355.75,29488.559,2225.0671,48955.23,13235.322,19500.531,434586.66,19492.17,32598.354,250359.44,47575.453,71416.78,6420.9146,1055641.1,34742.844,17636.938,6008.4053,5482.068,9569.405,4920.8184,101968.48,152912.38,13238.879,86043.1,9090.767,4155.3945,4414.577,47296.285,1112852.2,8570.235,267426.9,3043.3237,27645.021,23906.703,43325.32,8082.0464,1497.9628,9161.475,3609.367,10858.266,4454.3306,4150486.2,76624.86,52381.965,6354.998,4760.7466,8092.834,595553.75,10742.041,601657.8,100892.4,10269.025,65116.13,5324.2554,121424.64,13430.342
copd_22,copd,108176.51,77834.25,51426.117,1397.6431,85522.49,17218.309,208787.7,110124.8,863747.3,54958.395,18769.191,790467.75,44183.297,21205.918,538294.06,85414.3,18109.852,13607.818,10628.807,6663.042,63460.73,733116.3,766454.44,29887.172,2058.2205,43923.0,12166.133,17114.64,358469.47,13427.782,27345.842,239014.12,48299.492,71898.664,5813.9746,1075800.9,31912.775,11028.509,5293.9185,3553.9893,8838.835,4075.1917,88164.93,146345.84,9828.223,86401.25,8015.9805,3258.4612,3422.529,46797.797,1143225.2,7374.341,257145.2,2052.827,24691.396,23480.773,43875.617,7318.9453,1287.152,8472.361,2774.1663,9496.6045,3540.2866,4261918.5,48389.855,35276.03,5953.7617,3935.1445,8326.933,595789.1,10096.177,587060.1,79024.48,9036.552,60677.043,5013.12,114897.46,12430.508
copd_23,copd,192826.92,92826.375,82312.3,2376.9602,145942.27,23197.635,247549.94,101865.89,940076.9,67260.71,22238.395,767474.2,59956.098,19657.74,671088.7,81078.55,26965.045,13502.692,14089.947,7684.386,53236.79,700200.44,711153.06,31994.738,2434.414,55952.758,15404.536,22877.88,725404.9,19679.791,29830.469,259272.9,45772.67,60883.992,6088.052,1026293.2,38243.527,31290.178,6139.1885,6844.425,12792.325,5760.018,106775.35,138318.17,19167.902,82200.68,9280.945,5332.007,6125.4546,43533.45,1066668.5,10980.04,227990.84,3298.0034,25610.41,21532.885,53314.223,8818.575,1790.6006,10673.392,3949.6533,10949.146,5645.579,4493659.0,110771.48,60787.387,7760.1963,5250.3296,10536.9,522124.97,10544.363,719277.6,94705.59,9354.706,50712.348,6982.51,100103.46,14652.599
copd_24,copd,168191.5,202622.95,81060.52,2766.6538,115743.49,15786.744,113982.164,79837.25,827891.6,50521.566,22343.676,978852.2,51015.82,14656.627,607557.3,95029.12,64301.99,9020.956,12441.301,7942.819,65475.03,633070.44,566258.44,15459.843,2508.6956,53673.727,9590.154,17517.043,789083.4,23363.914,39859.645,317237.5,46035.504,62658.566,4171.0146,1002119.1,44547.402,12296.844,7399.848,9602.585,8258.958,5349.8765,133292.64,202372.4,11889.529,86938.86,8496.533,6062.966,4944.5903,36804.344,926105.9,16355.966,163169.22,5410.1113,23377.582,13575.659,54688.56,5621.244,1727.6473,8735.365,4515.1353,6872.845,5924.5693,2822812.0,176022.44,64918.082,7298.9106,5419.3237,5316.509,578296.3,16736.09,400788.9,181885.53,28613.252,66770.2,4869.229,69847.49,13284.233
copd_25,copd,110689.695,91017.12,55458.184,1571.5701,84219.234,15741.086,175872.36,104857.0,934087.6,53274.023,18646.787,846967.7,43877.066,21006.883,534074.6,87908.625,23008.355,12007.718,10814.933,6434.2124,63683.49,723524.3,742960.5,25546.812,2094.679,44956.4,11211.747,16753.047,371963.1,15482.762,31005.57,260014.17,48053.72,72112.15,5558.7173,1068986.2,33892.016,10767.925,5602.98,4235.2334,8090.3765,4115.5474,95865.26,162493.73,9594.06,85419.11,8117.751,3543.596,3524.4875,44901.535,1089738.1,8271.689,239163.86,2523.9626,25821.756,21989.312,44201.293,6730.592,1346.1046,8342.837,3007.1592,9316.383,3717.4104,3775952.5,58686.453,41222.62,5963.0957,4168.5796,6981.5093,606855.44,11486.3125,514613.7,93807.65,11360.332,63515.74,4637.9395,106025.6,12310.064
copd_26,copd,226023.81,244189.14,103362.445,3731.6616,133901.69,16199.362,138517.12,79990.4,920495.0,52525.23,24137.691,999135.06,46721.09,15284.19,787519.3,121660.266,69431.375,10692.094,13124.268,9140.205,67668.37,609491.9,577234.7,16864.174,2774.7678,56749.305,10103.268,19643.441,1040895.94,26028.787,49255.938,362243.34,45371.71,68854.29,4495.8706,1018273.2,52732.195,12594.601,8195.273,13982.914,7816.907,7161.3374,131522.89,200654.69,14346.045,84929.016,8737.1875,7163.5693,6855.0864,36063.94,978677.06,17983.771,183154.02,7068.3433,23112.887,15128.73,59554.27,5784.526,2072.8552,9195.728,6038.8755,6400.1226,6975.6035,2682986.5,276645.62,71680.33,9019.669,5945.25,5785.2915,601177.2,17722.658,544030.5,240433.6,31593.799,67977.74,5772.051,73400.17,14159.369
copd_27,copd,223542.19,227069.81,122241.83,3720.0396,168843.12,18627.68,186458.23,79565.055,1132958.4,56478.06,24178.46,940552.44,51563.695,18515.084,846813.5,125208.45,74096.97,11657.42,15005.32,8815.038,65458.992,632376.1,596745.3,20625.871,3298.801,60973.99,11745.019,23757.361,1164219.1,30076.006,52517.477,345901.22,43908.9,67987.945,5291.601,988987.6,50999.176,24093.236,7872.8853,16347.471,10103.496,7920.3965,144094.28,188153.89,20268.137,82200.69,9895.38,7715.671,9043.872,36837.156,961646.5,17332.56,209519.92,7863.4834,26365.39,17239.062,56906.223,6802.602,2632.9658,9750.893,7303.1562,8451.869,7996.9927,3079532.5,325529.0,90710.75,9237.526,7209.407,6856.769,561201.1,16204.79,596795.44,224833.9,25382.814,69128.47,6474.1436,91864.39,16208.669
copd_28,copd,102087.414,82081.63,49134.11,1435.2219,83451.84,16724.473,186975.17,108953.55,791093.56,53976.566,18627.63,823100.4,41811.812,21014.326,505202.62,86512.375,20776.312,12370.809,10697.757,6605.8086,61907.477,711548.25,743435.6,26080.191,2059.4521,42733.21,11215.458,17032.744,361459.38,14187.081,26802.264,249115.25,48171.152,70190.62,5333.0,1070763.0,32299.7,9555.5,5395.9673,3786.9314,8472.583,4131.189,91143.31,157933.28,9027.309,87228.55,7770.738,3352.2693,3307.449,46695.01,1134536.6,7976.1484,250272.3,2255.2148,24609.912,21666.248,44678.6,6718.724,1286.2277,8577.905,2802.6587,8846.789,3425.643,4025792.0,52334.035,34002.227,5761.6514,4005.7146,7827.588,590208.56,10605.829,522875.56,86006.71,10161.786,62465.73,4563.9185,101659.6,12198.093
copd_29,copd,144312.34,95985.92,67470.63,1969.9283,109249.56,18092.752,225579.36,100933.91,956317.94,60704.445,19789.35,825349.2,48193.555,21517.295,618744.1,93047.56,23229.715,13863.761,11553.814,7201.557,60831.066,702957.75,746331.0,28425.309,2238.165,50612.48,12703.641,19316.734,545579.6,17220.584,31984.625,277405.9,47524.758,70561.055,6050.9487,1055321.0,36202.766,16488.104,5825.5845,5442.1426,9373.2,5044.5034,99674.2,150048.97,13272.62,86039.19,8630.646,4155.984,4707.404,44959.95,1123073.6,9046.694,253797.83,3024.4324,24749.518,22503.748,48441.28,7915.008,1495.3802,8944.954,3530.8486,9796.499,4746.5728,4190176.2,83318.31,48693.027,6893.689,4603.5044,8706.614,594326.06,11500.587,668600.6,99352.59,11048.872,61132.8,5440.52,113813.266,13607.252
copd_30,copd,152588.84,124001.42,82017.88,2447.0132,127322.805,19874.451,220764.83,97628.984,1038164.5,57480.676,19937.812,829011.2,53316.992,21186.012,568775.2,97473.48,38950.215,12116.665,13389.8955,7306.8413,63384.812,712093.44,692315.44,25874.1,2538.509,53493.355,12545.949,21564.28,625200.56,24605.2,36799.227,279382.84,46325.246,68099.55,5748.1045,1012200.7,39336.848,27001.385,6791.708,8170.551,10978.071,5695.6577,119455.35,161885.17,16708.387,85516.41,9154.603,5582.0537,6044.42,44231.45,1052648.0,11211.203,243264.97,4496.6294,27606.965,20391.238,48696.055,8140.46,1879.7574,9833.173,4547.0366,10788.049,5817.0503,3814482.2,132633.84,62489.258,6962.846,5833.945,7578.0737,561953.44,12433.709,552634.25,133904.36,14611.571,63876.793,5459.314,110634.47,14917.288
copd_31,copd,135370.92,84177.66,59697.766,1734.7013,95081.875,17537.648,222787.0,106941.57,871482.1,57989.01,18903.984,799421.44,44567.516,20854.21,588032.56,92305.32,20177.734,13883.249,10929.839,6823.1753,61823.67,714124.5,755808.75,30195.494,2139.3938,46794.973,12789.675,18273.277,462089.34,14887.797,29326.324,269370.2,48014.348,71905.016,6007.894,1069021.9,34454.23,12552.299,5626.816,4542.515,8507.582,4748.776,92726.61,151452.17,10969.404,86672.43,8311.421,3885.9175,4239.2773,45543.664,1132758.5,8338.236,256368.58,2632.0999,24458.217,23068.947,47143.105,7428.958,1381.2322,8680.82,3197.5842,9822.914,4141.1226,4141200.0,68060.47,40292.824,6622.597,4340.6475,8575.393,592438.6,10746.744,624612.56,89113.016,9707.407,61906.816,5116.5693,110104.51,12954.855
copd_32,copd,191035.73,193118.31,111323.63,3338.0703,137324.72,16913.37,222488.05,89622.945,1349446.5,59229.152,21344.836,892990.06,49403.023,21042.629,767758.06,125517.62,51101.645,13177.984,13378.923,8569.631,68706.57,692212.25,683635.8,25278.055,2933.442,58679.965,12351.512,21893.744,796962.7,27839.896,51009.207,341985.38,45417.645,72890.77,6061.4956,1024662.5,48810.96,23229.66,7826.2354,12835.183,8952.575,7483.6245,131113.56,181861.16,18106.504,82367.34,9440.126,6740.7783,8206.223,40904.848,1041370.6,13566.516,249784.05,6380.1997,27301.67,20944.562,51553.555,7184.879,2311.0186,9507.796,6608.0645,9636.409,6883.25,3279219.8,239683.64,87489.52,8540.041,6618.6484,6795.9062,605001.75,15169.963,646611.5,202099.48,21095.184,71635.375,5936.7524,110822.63,15376.343
copd_33,copd,117947.95,107917.69,63310.066,1621.2717,82697.83,14798.07,203919.7,103097.82,1139003.6,54105.938,19094.346,879436.56,41634.26,22587.02,614985.6,105570.81,22914.607,13810.873,10756.915,7089.4995,68854.47,731708.2,775712.25,28632.588,2125.8733,45941.48,11649.032,16687.078,389175.47,16056.956,35671.336,284751.25,48131.508,78203.73,6221.5073,1079452.6,36333.37,10486.605,5814.8037,4988.2544,7308.2295,4698.2695,96602.65,161907.6,10177.743,85115.07,8376.41,3700.9043,4160.95,45047.07,1127726.1,8253.7,277119.2,2888.208,26242.62,24385.438,43983.598,6836.6025,1395.977,8157.388,3388.9624,9648.644,4032.421,3681562.5,70862.88,44354.766,6424.796,4326.3735,6807.78,639892.75,12195.394,618328.5,113283.234,12129.587,68943.92,4856.193,119124.55,12665.404
copd_34,copd,145395.3,131323.88,80878.484,2229.0574,104912.03,15821.339,226477.02,98492.664,1234596.8,56251.926,19443.354,876979.25,48352.344,21874.287,664532.3,116736.22,32229.037,13853.986,12279.331,7481.602,69293.086,711577.7,730412.25,27350.713,2414.256,51085.95,12108.58,20194.625,527526.56,21701.258,41711.504,295194.53,47126.414,75721.69,6348.0093,1057048.0,39795.645,15832.156,6695.3145,7961.0073,8563.801,6045.915,113653.24,166275.38,14151.083,84418.46,9070.6045,5150.5786,5875.22,44753.984,1102174.6,10278.297,270582.16,4409.8496,27419.76,23646.674,45515.027,7564.3467,1685.4668,8881.346,4570.5977,10203.906,5548.188,3491391.5,127611.2,58699.43,7238.022,5441.0605,6966.4565,626083.3,13035.424,618832.6,155202.56,15142.274,72112.38,5219.614,114817.81,14011.55
copd_35,copd,91826.05,48173.734,40138.543,1166.989,82373.79,19229.938,179259.4,115102.32,606949.3,58893.465,18654.828,753130.56,48828.812,19814.74,452423.44,52306.617,12628.817,11913.793,9975.423,5949.7515,49301.305,725257.2,746530.6,27903.346,1982.4968,41365.816,11823.311,15237.874,297996.88,9886.497,20423.605,206545.11,48527.105,61523.504,5158.366,1071993.9,27429.824,9671.456,4744.157,2283.067,9693.166,2828.2732,82559.35,144751.48,7887.0854,86701.81,7462.879,2638.8984,2541.704,48367.99,1125939.5,6617.3145,211812.42,1408.268,22146.652,21129.25,44089.36,7336.836,1186.9496,8029.6094,2266.2437,8544.754,2792.9065,4619486.5,25624.26,27180.523,5371.413,3438.2976,9630.673,564777.25,8796.8125,490700.1,45906.906,7218.5127,50346.26,4492.119,96428.03,11494.192
copd_36,copd,145867.67,112321.44,72242.74,2126.6414,114075.84,18067.773,242719.06,102748.734,1119666.8,58349.97,20341.926,803439.06,52372.207,22434.016,621275.0,100903.11,29070.758,14543.412,11722.581,7609.5234,65076.09,707074.6,756395.1,30225.863,2367.1328,51981.613,13088.264,20832.11,561726.44,20983.076,35805.61,276330.66,46861.86,73502.83,6492.909,1035186.9,37707.7,21997.791,6514.3013,6938.45,10237.964,5804.105,107208.91,150464.44,14529.73,85022.14,9130.627,4782.2817,5701.574,45338.145,1108435.5,9797.143,269336.53,3811.0132,26994.922,23290.436,47663.918,8233.834,1679.5684,9714.517,4113.885,10688.456,5332.5073,4095615.0,107771.664,56671.047,6992.007,5258.5356,7939.341,595587.1,11677.485,663547.9,122529.22,12280.459,67210.07,5635.9375,123734.73,14180.515
copd_37,copd,95557.08,57528.395,37473.832,1175.0476,72291.57,17074.291,167418.14,113895.4,633452.94,53981.336,18137.533,784114.75,43504.95,19426.656,449981.66,63260.586,12935.704,12556.156,9364.458,6002.505,56367.15,719178.1,766706.7,27557.303,1981.9438,40189.438,11109.75,14708.696,302535.7,9614.976,21629.799,232753.9,48985.668,69743.984,5467.281,1083474.1,28429.127,7642.5576,4863.2446,2401.3987,7986.6665,3153.1104,80683.875,147318.3,6691.641,87869.336,7252.8394,2672.4033,2682.8613,47405.918,1137900.6,6708.9434,229063.08,1535.7262,22628.232,22363.459,45743.957,6707.7964,1186.0016,7818.951,2268.7112,8122.5674,2784.053,4401097.5,29556.924,24560.385,5399.3857,3462.2222,8431.77,598476.0,9471.731,515528.38,57088.305,8125.9077,57690.934,4199.0215,101339.15,11356.499
copd_38,copd,111520.98,78331.055,50842.72,1498.353,89170.0,17657.424,194038.48,108645.66,856695.56,56442.934,18677.154,814952.44,50393.836,21025.744,514124.28,80174.38,20139.875,12523.235,10775.167,6468.8057,57887.453,698539.25,745993.56,27457.547,2090.9856,45115.21,11795.704,16738.86,362647.94,14716.105,27942.031,242919.48,48115.86,70341.92,5834.4243,1062511.5,32323.664,11859.392,5611.817,3902.491,9044.156,4031.1792,93157.48,153653.92,10039.216,86840.23,8202.894,3481.4312,3559.4058,48205.336,1104941.4,8120.666,244076.02,2409.5557,25525.137,22636.287,44491.062,7149.764,1315.9933,8738.68,2919.879,9608.188,3747.4092,4156091.8,52026.473,37213.85,5739.5703,4186.0654,7862.4346,599467.06,10318.335,518518.94,83097.805,9834.406,61732.703,4705.7373,105896.0,12369.322
copd_39,copd,118984.82,81766.62,55727.41,1609.0382,98492.9,18102.666,240095.73,111265.22,910841.0,58454.758,18564.633,796651.0,47175.05,23090.215,558764.7,88903.875,19326.7,14450.688,10951.169,7108.396,61589.96,714856.06,772595.1,30584.258,2154.4893,45751.28,12927.086,19216.36,434896.62,15724.2705,28866.043,260511.5,47916.36,72512.25,6422.027,1061468.4,32277.541,13838.7,5545.939,4542.7134,9230.933,4635.797,95252.4,146192.55,11954.421,86806.55,8531.946,3697.4536,4224.007,48478.785,1166633.5,8113.3394,272911.97,2639.9607,25163.123,23910.996,44892.297,7967.436,1385.2816,8954.799,3140.5864,10079.3125,4146.659,4335395.5,64525.03,38994.832,6249.003,4383.5938,8747.965,588744.4,10161.804,621687.0,87131.99,9316.7,63196.812,5083.946,122356.96,13172.7705
copd_40,copd,169792.66,203023.34,78100.164,2585.2727,109197.86,14666.189,132757.55,82069.18,849461.3,49966.09,22159.31,997158.75,46270.27,15919.302,674101.0,110121.99,55408.08,10191.469,11332.648,7736.6597,66943.9,635941.9,613400.25,16871.521,2436.8203,50930.105,9620.008,17066.717,808179.8,22352.016,42009.816,343466.22,46639.53,71738.55,4428.368,1029472.25,44088.383,10661.474,7311.0986,8805.43,6869.19,5757.7773,121233.336,201687.94,10831.774,89479.195,8375.393,5381.2363,5072.4663,37414.67,989845.44,14871.3955,194242.33,5432.9067,23962.135,15278.881,56575.49,5654.232,1659.2526,8353.976,4509.2,6765.0825,5379.7007,2758245.0,164674.48,58465.87,7497.682,5243.358,5272.6426,612352.9,16725.201,469099.56,186368.69,27202.668,72354.59,4729.5024,80466.55,13432.296
copd_41,copd,133337.55,91678.86,71588.65,1940.8069,113076.18,19159.512,227840.98,104769.84,960524.2,57995.344,19481.973,817277.9,48434.188,21593.34,584491.1,92893.984,26674.902,12496.594,13262.486,7063.6504,61513.105,707357.1,732864.06,27942.291,2241.6316,48599.195,12843.142,20256.137,493783.0,17537.584,30237.828,248798.25,46846.4,66975.445,5872.3823,1050136.0,35335.38,17233.592,5785.639,5625.2554,10958.807,4970.6133,107057.89,153820.7,14331.656,82748.87,8776.652,4446.2974,4702.9336,46030.406,1080368.8,9503.137,245093.86,3216.9978,26440.193,22248.822,45729.99,7800.0903,1510.1749,9234.5625,3546.1106,10585.541,4605.648,4068488.2,85972.31,47466.22,6834.6655,4797.4546,8533.22,565081.9,10975.558,581343.9,105374.42,10535.623,58121.523,5379.1777,109843.74,13852.462
copd_42,copd,104651.79,103342.21,53285.883,1508.7866,79213.51,14118.659,172002.02,101295.086,914154.1,51897.438,18707.197,894910.1,39662.23,20560.836,551918.25,100227.766,24331.871,11585.682,10283.183,6490.404,68291.5,690316.75,713854.3,23065.566,2070.2327,43687.8,10163.442,15661.328,369846.94,14260.145,32114.111,275800.5,48344.383,74321.625,5086.4194,1080049.2,33881.953,7602.709,5668.75,4177.6714,6884.2065,4205.677,96376.1,173782.94,8690.092,87806.625,8208.749,3505.1353,3403.3467,46431.1,1099746.2,8645.5205,253194.45,2805.4019,24333.816,21278.338,42815.52,6190.687,1296.7738,7663.8677,3036.4382,8456.461,3671.9824,3363659.0,60704.63,38905.14,6048.979,4106.3003,6517.1904,630012.56,12313.687,487725.1,109108.586,13358.934,71047.516,4068.8276,95384.875,11978.501
copd_43,copd,97121.64,71828.16,49869.746,1411.7861,88207.67,17611.385,199150.33,111366.19,777409.5,55110.93,18180.973,797940.6,42015.973,21366.916,504113.53,82125.95,18364.986,12362.912,10877.773,6381.0723,60211.7,715777.3,738871.2,26222.467,2059.8413,42705.094,11488.453,17487.45,370097.5,13259.8545,25769.32,237195.88,48330.184,69039.8,5368.5903,1074049.8,30380.738,10035.611,5146.7676,3485.1016,9127.572,3816.8984,94387.39,154957.3,9722.201,86689.21,8047.661,3258.2388,3265.3718,47954.55,1139190.0,7578.4707,242089.66,2145.0637,24339.016,22049.33,42430.086,7315.735,1274.8917,8122.9717,2717.2341,9052.881,3370.6838,4151636.2,45865.57,32893.29,5648.243,3901.72,8302.928,575805.94,10154.437,507276.0,78666.85,9237.783,58675.445,4559.7163,106790.086,12313.904
copd_44,copd,147040.4,98005.836,60368.32,1824.2284,95380.51,17057.076,191517.84,98687.23,923967.25,60134.793,20263.213,841843.06,46609.605,19854.52,587349.2,83954.86,23284.014,13068.315,10842.013,6838.9497,60567.816,731608.3,748210.75,27949.006,2145.192,50688.535,11990.94,16399.973,483522.22,16010.259,31267.615,276073.8,47866.926,70712.125,5476.204,1059370.6,38029.69,13878.885,5789.62,4711.3564,8207.494,4441.9746,92484.39,153506.38,10997.796,86413.19,7971.342,3804.748,4036.564,41893.156,1095683.6,8738.113,233969.14,2508.1475,23943.764,21315.945,49515.754,7123.7666,1405.0967,8802.453,3186.8027,9264.481,4105.113,4085264.2,68502.65,48083.57,6427.5693,4313.217,8249.121,596762.4,11871.999,635224.5,90599.49,11405.042,60451.55,5200.199,105872.99,12584.257
copd_45,copd,165379.36,138597.16,93982.84,2406.2153,118100.875,17066.742,255138.34,99982.016,1242726.6,58148.18,20564.285,880203.25,42316.32,24164.072,777077.56,129620.57,35258.082,14694.471,13452.412,7902.422,67294.39,697820.94,746026.94,30300.744,2481.8005,51401.836,13145.368,23175.188,657742.5,22224.625,43508.02,308239.6,46608.535,77933.43,6475.504,1060697.6,41279.355,16872.023,6425.3115,8962.482,9143.258,6802.99,110380.914,161166.66,16749.332,82174.98,9274.311,5169.2896,6816.9985,43939.125,1123864.5,10718.331,292012.3,4578.915,27801.76,24638.773,48494.043,7525.282,1784.2917,9555.968,4964.2573,10832.365,5730.138,3566524.2,150963.48,61092.09,7834.879,5505.5747,7803.7954,607932.1,12724.753,720241.94,160037.27,13349.126,67417.12,6116.176,120917.984,15021.064
copd_46,copd,180649.53,169137.72,124188.56,3421.533,175447.73,19850.643,346393.72,100014.43,1567926.0,59793.484,20599.326,821578.4,56623.746,25403.379,726143.8,152066.1,50646.605,15534.45,15240.895,9215.94,75702.23,706766.7,704168.6,32004.375,3559.5386,59670.69,15485.732,31190.549,860827.2,36223.074,52142.598,301017.78,45186.906,75031.75,7423.845,1007049.06,46342.68,44433.22,7930.381,16790.031,11477.765,9842.418,134349.9,155337.66,26684.797,84864.336,10571.821,8357.862,11197.704,46375.996,1119591.4,12926.756,313393.2,7452.032,31409.709,24689.547,45715.836,9386.184,3025.8474,11202.889,8229.064,13069.127,8236.692,3778551.5,285570.1,91192.625,8641.941,8331.596,7881.219,567289.44,12547.167,724912.75,228861.44,16111.925,76531.875,6980.778,142088.92,18234.357
copd_47,copd,145898.33,103033.53,67460.03,2014.3027,103284.25,17727.39,195521.5,100005.62,985377.0,59218.254,20150.12,800340.1,47820.645,19923.947,599597.9,90863.87,27784.162,13138.504,11858.351,7259.869,61485.305,708777.0,725640.56,28569.594,2237.6836,50105.37,12689.079,19366.617,491787.12,18687.664,31693.303,262398.25,47290.906,68946.31,5632.286,1046899.3,36946.3,16627.354,6069.3286,5682.8735,9540.494,4895.706,99741.63,154919.61,12676.911,83598.46,8325.819,4391.1416,4465.069,42934.953,1077983.8,9344.043,235214.48,3017.6924,25664.943,21788.066,47652.297,6958.5376,1495.773,9279.306,3577.1108,9822.408,4617.2896,4049012.2,88461.625,48885.953,6659.652,4750.9653,7960.2666,586481.8,11581.985,597770.9,106918.2,11634.513,62835.746,5524.7383,105321.74,13288.426
copd_48,copd,196466.8,162758.64,112003.55,3199.482,143824.67,17561.348,195504.5,85721.01,1335999.4,59854.113,22677.771,880563.56,53840.273,20417.084,761986.1,122569.164,49724.867,12771.779,13645.323,8267.377,66659.0,662257.9,674698.75,24854.996,2703.2087,59569.727,12725.893,20954.709,802242.5,27431.824,48127.88,309440.84,45189.35,67090.21,5780.4683,1023038.3,47255.32,23878.324,7499.0703,11456.123,9973.505,7018.555,125352.78,172758.88,18647.463,81700.71,9391.2705,6209.4233,6801.6216,40485.348,1003139.6,13047.954,230320.58,5195.7583,25707.396,20352.316,51777.938,7162.2085,2131.035,9813.293,5855.938,9720.505,7089.2236,3573850.0,194467.53,92002.55,8420.781,5996.032,7418.917,596338.7,14475.485,677085.94,174576.2,18505.12,66899.62,6436.8286,104635.8,14817.275
copd_49,copd,118762.25,81551.266,50437.82,1471.7383,83736.9,17247.143,198756.64,111030.98,826871.75,57346.508,18734.037,830514.06,41659.54,20829.027,563869.94,87353.2,18456.887,13752.979,10562.554,6653.6743,61271.004,713404.25,778168.0,28741.018,2069.041,43369.76,11800.185,16932.969,386081.8,13233.291,27499.676,257013.25,48353.066,73820.266,5819.4385,1080893.0,32665.604,9208.902,5383.6553,3871.6045,8172.3896,4167.279,88625.94,151528.03,9590.139,85913.36,7789.4,3297.0884,3652.3735,46478.062,1161609.4,7863.1426,257001.02,2200.4548,24201.777,23799.285,46215.496,6963.1934,1286.0194,8668.922,2794.0212,8923.967,3638.694,4147582.8,54024.21,33359.887,6088.703,3926.2397,8256.064,605872.1,10508.554,601658.8,85667.53,9479.522,64626.89,4684.0283,109543.59,12372.064
copd_50,copd,112651.375,83173.33,55749.5,1469.1083,87740.03,16291.118,232052.47,109407.82,935503.94,55839.51,18242.66,833497.6,42824.844,23219.695,563566.3,97337.48,18568.605,13833.64,11198.3125,6618.1494,66258.1,744514.7,777556.4,30144.955,2093.6047,43539.848,12316.952,17790.62,381173.38,14363.492,29953.39,261441.69,48395.5,77693.93,6238.9883,1087365.2,32767.26,10684.699,5357.014,4074.433,8065.6567,4400.3643,90264.39,151945.34,10379.974,87126.53,8377.724,3444.5703,3840.3877,47659.25,1167386.1,7515.531,288444.9,2455.1074,25731.418,24656.021,42776.934,7528.565,1321.8542,8365.92,3027.7036,10143.454,3745.2754,4089706.5,57228.645,37462.797,6224.3696,4239.604,8041.6504,608966.1,10591.159,602441.1,89981.3,9421.398,64190.742,4825.7827,120633.85,12809.083
